take_name,video_path,clip_start_time,clip_end_time,split,task_name,parent_task_name,university_name,participant_uid,take_uid,capture_uid
cmu_bike03_4,takes/cmu_bike03_4/frame_aligned_videos/aria01_214-1.mp4,0.401810,46.078530,TRAIN,Install a Wheel,Bike Repair,cmu,657,ff468baf-2313-4b39-8dc3-a1d1b6f71a5d,53e8eb22-edb2-48ad-bb22-774f550d084b
cmu_bike05_6,takes/cmu_bike05_6/frame_aligned_videos/aria01_214-1.mp4,2.142760,78.833340,TRAIN,Clean and Lubricate the Chain,Bike Repair,cmu,,6d84049f-2f5a-4560-8725-9e2182ade954,4ae83e8d-26b6-4a84-be7e-6b584dfb69df
cmu_bike08_6,takes/cmu_bike08_6/frame_aligned_videos/aria01_214-1.mp4,0.461780,29.913160,TRAIN,Clean and Lubricate the Chain,Bike Repair,cmu,,cdeef701-ca02-4914-81c9-47a8384f24c6,f6e9016b-9af1-4d4d-ba1d-678050340d0d
cmu_bike09_2,takes/cmu_bike09_2/frame_aligned_videos/aria01_214-1.mp4,0.334340,14.100010,TRAIN,Remove a Wheel,Bike Repair,cmu,658,8162166b-41c8-4b1a-baf2-14df7feddd83,646d8093-5eb0-4ef7-a34f-8abe458e2adb
cmu_bike09_5,takes/cmu_bike09_5/frame_aligned_videos/aria01_214-1.mp4,0.527720,18.767410,TRAIN,Install a Wheel,Bike Repair,cmu,,111c8b18-f7da-4613-8821-98b5ca61eaf5,646d8093-5eb0-4ef7-a34f-8abe458e2adb
cmu_bike10_2,takes/cmu_bike10_2/frame_aligned_videos/aria01_214-1.mp4,0.426990,42.755120,TRAIN,Fix a Flat Tire - Replace a Bike Tube,Bike Repair,cmu,658,30a2a49c-ea8a-4199-a9e2-7b21515d3483,c11bbbd7-023f-4be9-8e6f-e87eb8e1ad4e
cmu_bike12_5,takes/cmu_bike12_5/frame_aligned_videos/aria01_214-1.mp4,1.411420,63.796240,TRAIN,Clean and Lubricate the Chain,Bike Repair,cmu,,e3cf5c2c-5e11-4ff6-8026-c9bb431bd54e,d537ecd5-05a5-4c0b-bfb2-03f12788f4ee
cmu_bike15_3,takes/cmu_bike15_3/frame_aligned_videos/aria01_214-1.mp4,0.326770,123.099330,TRAIN,Fix a Flat Tire - Replace a Bike Tube,Bike Repair,cmu,657,95f2d2b4-c5de-4620-9d6a-3dd6e1cb7264,2c2b1ca2-7515-49da-bbc0-9b75eb848276
cmu_bike15_5,takes/cmu_bike15_5/frame_aligned_videos/aria01_214-1.mp4,0.273070,120.840000,TEST_IID,Clean and Lubricate the Chain,Bike Repair,cmu,,4a7b1cc0-93d7-4e0b-95e2-75a8c126d971,2c2b1ca2-7515-49da-bbc0-9b75eb848276
cmu_bike16_3,takes/cmu_bike16_3/frame_aligned_videos/aria01_214-1.mp4,0.633310,172.904970,TRAIN,Fix a Flat Tire - Replace a Bike Tube,Bike Repair,cmu,657,98c6b563-61dd-46fd-a66e-351664092e4c,e2ddf032-0b89-4bc2-a944-1bec7918fa2e
cmu_bike16_4,takes/cmu_bike16_4/frame_aligned_videos/aria01_214-1.mp4,0.577910,27.158990,TRAIN,Install a Wheel,Bike Repair,cmu,657,dd23d126-e63d-4df0-ba1e-2c0c137d5bb2,e2ddf032-0b89-4bc2-a944-1bec7918fa2e
cmu_bike17_4,takes/cmu_bike17_4/frame_aligned_videos/aria01_214-1.mp4,1.059900,34.809460,TRAIN,Install a Wheel,Bike Repair,cmu,657,2e10a473-32d3-4b73-99f9-d35717ccab91,758fc2ec-b5ef-4991-8008-e6f3d5d565e4
cmu_bike18_3,takes/cmu_bike18_3/frame_aligned_videos/aria01_214-1.mp4,0.342070,134.700010,TEST_IID,Install a Wheel,Bike Repair,cmu,657,e929ea2f-f2a6-4823-a201-5810f976c963,14c8a3f8-c354-40ac-ab65-54fc5cada8dc
cmu_bike19_3,takes/cmu_bike19_3/frame_aligned_videos/aria01_214-1.mp4,1.499630,274.497330,TRAIN,Fix a Flat Tire - Replace a Bike Tube,Bike Repair,cmu,657,1b8601c0-ca65-4b4a-9ed4-0248d9539257,5cfb08ff-f61e-4c7e-9364-d35bb3407c5d
cmu_bike20_2,takes/cmu_bike20_2/frame_aligned_videos/aria01_214-1.mp4,0.500000,77.184940,TRAIN,Remove a Wheel,Bike Repair,cmu,657,45199fd8-dfda-446d-b1c3-f5e4deadc441,2e1070de-291e-4265-9421-69240394d22c
cmu_bike21_5,takes/cmu_bike21_5/frame_aligned_videos/aria01_214-1.mp4,3.409210,158.300010,TEST_IID,Clean and Lubricate the Chain,Bike Repair,cmu,,7d2996e6-72c5-4413-b285-d291d174c373,807a8ab8-36da-4174-ae71-d8901364eb72
cmu_soccer06_4,takes/cmu_soccer06_4/frame_aligned_videos/aria01_214-1.mp4,0.152450,117.511260,TRAIN,Soccer Drills - Inside Trap and Outside Play,Soccer,cmu,161,c11735ca-6d22-4d16-972b-f55f8271f373,33837522-eb36-487b-a235-dd829289edc4
fair_bike_01_16,takes/fair_bike_01_16/frame_aligned_videos/aria01_214-1.mp4,0.610470,125.475670,TRAIN,Install a Wheel,Bike Repair,fair,198,d9ce9305-d24f-4127-9d6d-e4d89e43f44b,52743df6-b4d9-4ac2-878f-7d9f73d1ce9f
fair_bike_01_2,takes/fair_bike_01_2/frame_aligned_videos/aria01_214-1.mp4,2.416460,46.766670,TEST_OOD_PARTICIPANT,Remove a Wheel,Bike Repair,fair,197,02715c86-e30c-4791-92b7-38b488e51aba,52743df6-b4d9-4ac2-878f-7d9f73d1ce9f
fair_bike_01_3,takes/fair_bike_01_3/frame_aligned_videos/aria01_214-1.mp4,2.028340,442.320740,TEST_OOD_PARTICIPANT,Fix a Flat Tire - Replace a Bike Tube,Bike Repair,fair,197,50bf0d2d-3bf3-4369-b72a-935561926195,52743df6-b4d9-4ac2-878f-7d9f73d1ce9f
fair_bike_01_4,takes/fair_bike_01_4/frame_aligned_videos/aria01_214-1.mp4,1.183650,71.732910,TEST_OOD_PARTICIPANT,Install a Wheel,Bike Repair,fair,197,de3728ca-fdeb-4591-80ab-cb2b32182a50,52743df6-b4d9-4ac2-878f-7d9f73d1ce9f
fair_bike_01_6,takes/fair_bike_01_6/frame_aligned_videos/aria01_214-1.mp4,0.352110,41.746730,TEST_OOD_PARTICIPANT,Remove a Wheel,Bike Repair,fair,197,aa27937e-3751-4746-ab72-7f58a46b1c96,52743df6-b4d9-4ac2-878f-7d9f73d1ce9f
fair_bike_01_7,takes/fair_bike_01_7/frame_aligned_videos/aria01_214-1.mp4,0.366650,235.933340,TEST_OOD_PARTICIPANT,Fix a Flat Tire - Replace a Bike Tube,Bike Repair,fair,197,8dbcefd0-a7af-44f2-ab5b-49b5c11b0e56,52743df6-b4d9-4ac2-878f-7d9f73d1ce9f
fair_bike_01_8,takes/fair_bike_01_8/frame_aligned_videos/aria01_214-1.mp4,0.411130,140.942890,TEST_OOD_PARTICIPANT,Install a Wheel,Bike Repair,fair,197,e246e05c-cc49-4d05-98ba-de2542e42c3f,52743df6-b4d9-4ac2-878f-7d9f73d1ce9f
fair_bike_02_10,takes/fair_bike_02_10/frame_aligned_videos/aria02_214-1.mp4,0.279010,85.400000,TEST_OOD_PARTICIPANT,Remove a Wheel,Bike Repair,fair,197,d246c660-2b59-445e-a618-dd86137c20a5,ea145ee6-cada-4500-aeb4-ab94a79598ea
fair_bike_02_11,takes/fair_bike_02_11/frame_aligned_videos/aria02_214-1.mp4,1.494880,272.466670,TEST_OOD_PARTICIPANT,Fix a Flat Tire - Replace a Bike Tube,Bike Repair,fair,197,aaea78b8-f839-42af-af65-0cc3f7fb2897,ea145ee6-cada-4500-aeb4-ab94a79598ea
fair_bike_02_12,takes/fair_bike_02_12/frame_aligned_videos/aria02_214-1.mp4,0.279440,197.800000,TEST_OOD_PARTICIPANT,Install a Wheel,Bike Repair,fair,197,74a85d9d-234c-40f8-b15d-03f222a4db19,ea145ee6-cada-4500-aeb4-ab94a79598ea
fair_bike_02_4,takes/fair_bike_02_4/frame_aligned_videos/aria02_214-1.mp4,0.356940,128.489380,TRAIN,Install a Wheel,Bike Repair,fair,199,0872b2cd-933d-4a0d-8561-9b3d60361203,ea145ee6-cada-4500-aeb4-ab94a79598ea
fair_bike_02_7,takes/fair_bike_02_7/frame_aligned_videos/aria02_214-1.mp4,0.308550,420.433340,TRAIN,Fix a Flat Tire - Replace a Bike Tube,Bike Repair,fair,199,0d7dc221-d9dd-401a-acb8-b6e76e458300,ea145ee6-cada-4500-aeb4-ab94a79598ea
fair_bike_02_8,takes/fair_bike_02_8/frame_aligned_videos/aria02_214-1.mp4,1.236150,139.840610,TRAIN,Install a Wheel,Bike Repair,fair,199,9105418d-9a1b-445b-a77e-108d22530a8c,ea145ee6-cada-4500-aeb4-ab94a79598ea
fair_bike_06_12,takes/fair_bike_06_12/frame_aligned_videos/aria06_214-1.mp4,0.469330,129.836200,TRAIN,Install a Wheel,Bike Repair,fair,198,aef08b40-a12b-42e8-b69a-9ba14c270b7c,a9af1478-aac8-4e0e-b3be-2da01e2adaba
fair_bike_07_11,takes/fair_bike_07_11/frame_aligned_videos/aria07_214-1.mp4,0.758180,114.611970,TRAIN,Fix a Flat Tire - Replace a Bike Tube,Bike Repair,fair,198,43dcdaaf-746e-4665-88a3-adbe7351c9b1,c38018d9-945f-4a7e-b4db-1f3994259a08
fair_bike_07_4,takes/fair_bike_07_4/frame_aligned_videos/aria07_214-1.mp4,0.571780,71.303330,VAL,Install a Wheel,Bike Repair,fair,198,93dee400-712b-4491-9d4a-7b4bf21f4f92,c38018d9-945f-4a7e-b4db-1f3994259a08
fair_bike_07_6,takes/fair_bike_07_6/frame_aligned_videos/aria07_214-1.mp4,4.430580,60.869330,TRAIN,Remove a Wheel,Bike Repair,fair,198,ae8c1f26-ae3c-4df9-841c-ee364f0e4fc6,c38018d9-945f-4a7e-b4db-1f3994259a08
fair_bike_08_10,takes/fair_bike_08_10/frame_aligned_videos/aria03_214-1.mp4,0.674390,215.745100,TEST_OOD_PARTICIPANT,Adjust a Rear Derailueur,Bike Repair,fair,197,a69a5919-7b9d-4724-9b26-46dea6fa0c87,41b5ce7d-b8c5-4e9c-8320-40e893c5bacb
fair_bike_08_12,takes/fair_bike_08_12/frame_aligned_videos/aria03_214-1.mp4,0.299970,204.166670,TEST_OOD_PARTICIPANT,Adjust a Rear Derailueur,Bike Repair,fair,197,8ee393cb-d4b3-47ae-a3d0-0e9f8bb912d1,41b5ce7d-b8c5-4e9c-8320-40e893c5bacb
fair_bike_08_14,takes/fair_bike_08_14/frame_aligned_videos/aria03_214-1.mp4,0.638490,208.149300,TEST_OOD_PARTICIPANT,Adjust a Rear Derailueur,Bike Repair,fair,197,5a7bab1e-a30b-4001-a5aa-2e8a6601315b,41b5ce7d-b8c5-4e9c-8320-40e893c5bacb
fair_bike_08_16,takes/fair_bike_08_16/frame_aligned_videos/aria03_214-1.mp4,0.266660,26.293260,TEST_OOD_PARTICIPANT,Remove a Wheel,Bike Repair,fair,197,aa079c80-4193-457d-86c0-80f13d2f94c0,41b5ce7d-b8c5-4e9c-8320-40e893c5bacb
fair_bike_08_17,takes/fair_bike_08_17/frame_aligned_videos/aria03_214-1.mp4,0.260830,414.463870,TEST_OOD_PARTICIPANT,Fix a Flat Tire - Replace a Bike Tube,Bike Repair,fair,197,130f8ebc-c88a-4ae2-8e2c-b9935cd3accd,41b5ce7d-b8c5-4e9c-8320-40e893c5bacb
fair_bike_08_18,takes/fair_bike_08_18/frame_aligned_videos/aria03_214-1.mp4,0.420620,49.033340,TEST_OOD_PARTICIPANT,Install a Wheel,Bike Repair,fair,197,9a7c75f7-c02a-441e-ad6d-e9d413bb5861,41b5ce7d-b8c5-4e9c-8320-40e893c5bacb
fair_bike_08_2,takes/fair_bike_08_2/frame_aligned_videos/aria03_214-1.mp4,0.020000,261.112580,TEST_OOD_PARTICIPANT,Adjust a Rear Derailueur,Bike Repair,fair,197,a4988227-0d23-4ee5-b106-981690dcfad3,41b5ce7d-b8c5-4e9c-8320-40e893c5bacb
fair_bike_08_4,takes/fair_bike_08_4/frame_aligned_videos/aria03_214-1.mp4,1.683190,242.532330,TEST_OOD_PARTICIPANT,Adjust a Rear Derailueur,Bike Repair,fair,197,b069e23f-1a22-4920-879a-80616b098e60,41b5ce7d-b8c5-4e9c-8320-40e893c5bacb
fair_bike_08_6,takes/fair_bike_08_6/frame_aligned_videos/aria03_214-1.mp4,3.529010,181.102060,TEST_OOD_PARTICIPANT,Adjust a Rear Derailueur,Bike Repair,fair,197,2941605e-7cfb-441f-92b7-b4ee187edeb6,41b5ce7d-b8c5-4e9c-8320-40e893c5bacb
fair_bike_08_8,takes/fair_bike_08_8/frame_aligned_videos/aria03_214-1.mp4,3.796270,210.488890,TEST_OOD_PARTICIPANT,Adjust a Rear Derailueur,Bike Repair,fair,197,b199d52d-4fc7-4ac3-b9c4-b5c84014dc1b,41b5ce7d-b8c5-4e9c-8320-40e893c5bacb
fair_bike_09_10,takes/fair_bike_09_10/frame_aligned_videos/aria03_214-1.mp4,2.946600,293.872170,TEST_OOD_PARTICIPANT,Fix a Flat Tire - Replace a Bike Tube,Bike Repair,fair,197,d6ab4bdc-52c8-4398-ac3a-aff30f66260c,77115413-7e69-4578-8881-87a000094424
fair_bike_09_2,takes/fair_bike_09_2/frame_aligned_videos/aria03_214-1.mp4,0.330950,240.209450,TEST_OOD_PARTICIPANT,Fix a Flat Tire - Replace a Bike Tube,Bike Repair,fair,197,3d41b047-b3c7-43b0-8663-daddc3e7d32c,77115413-7e69-4578-8881-87a000094424
fair_bike_09_4,takes/fair_bike_09_4/frame_aligned_videos/aria03_214-1.mp4,0.856640,279.901480,TEST_OOD_PARTICIPANT,Fix a Flat Tire - Replace a Bike Tube,Bike Repair,fair,197,343a1a5a-5141-4427-9362-989a767143ef,77115413-7e69-4578-8881-87a000094424
fair_bike_09_6,takes/fair_bike_09_6/frame_aligned_videos/aria03_214-1.mp4,1.895980,333.012720,TEST_OOD_PARTICIPANT,Fix a Flat Tire - Replace a Bike Tube,Bike Repair,fair,197,1c73aa9f-c23a-479f-9980-3cba6792f27c,77115413-7e69-4578-8881-87a000094424
fair_bike_09_8,takes/fair_bike_09_8/frame_aligned_videos/aria03_214-1.mp4,0.270750,323.933340,TEST_OOD_PARTICIPANT,Fix a Flat Tire - Replace a Bike Tube,Bike Repair,fair,197,2182758f-49b8-4a13-b691-b9671ef20c4d,77115413-7e69-4578-8881-87a000094424
fair_bike_10_10,takes/fair_bike_10_10/frame_aligned_videos/aria01_214-1.mp4,1.493360,325.600000,TEST_OOD_PARTICIPANT,Fix a Flat Tire - Replace a Bike Tube,Bike Repair,fair,197,b7b0e245-e49e-432f-bad9-53e4a0bf0019,49b7ee98-6fe2-4f2e-bdaa-c7bf54df84b3
fair_bike_10_2,takes/fair_bike_10_2/frame_aligned_videos/aria01_214-1.mp4,3.142350,319.226820,TEST_OOD_PARTICIPANT,Fix a Flat Tire - Replace a Bike Tube,Bike Repair,fair,197,7c308b3c-8637-4e8c-b7a6-daf487c26f2d,49b7ee98-6fe2-4f2e-bdaa-c7bf54df84b3
fair_bike_10_4,takes/fair_bike_10_4/frame_aligned_videos/aria01_214-1.mp4,0.333320,333.833340,TEST_OOD_PARTICIPANT,Fix a Flat Tire - Replace a Bike Tube,Bike Repair,fair,197,ef3879f9-2159-41d8-bef2-e7b746e6673a,49b7ee98-6fe2-4f2e-bdaa-c7bf54df84b3
fair_bike_10_6,takes/fair_bike_10_6/frame_aligned_videos/aria01_214-1.mp4,0.304840,339.733340,TEST_OOD_PARTICIPANT,Fix a Flat Tire - Replace a Bike Tube,Bike Repair,fair,197,1552c9a8-2cfc-436c-9386-178cae875e38,49b7ee98-6fe2-4f2e-bdaa-c7bf54df84b3
fair_bike_10_8,takes/fair_bike_10_8/frame_aligned_videos/aria01_214-1.mp4,0.567440,323.566090,TEST_OOD_PARTICIPANT,Fix a Flat Tire - Replace a Bike Tube,Bike Repair,fair,197,2cb8af8a-952e-40b7-ba48-b56f875d8826,49b7ee98-6fe2-4f2e-bdaa-c7bf54df84b3
fair_cooking_05_2,takes/fair_cooking_05_2/frame_aligned_videos/aria02_214-1.mp4,0.931640,506.425140,TEST_OOD_TASK,Cooking Noodles,Cooking,fair,212,3cbd7070-7c55-4b15-ac31-100ab8c7298a,d476fc1d-0ca5-4f83-be17-af24d28c9d70
fair_cooking_05_4,takes/fair_cooking_05_4/frame_aligned_videos/aria02_214-1.mp4,0.333320,394.900010,TEST_OOD_TASK,Cooking Noodles,Cooking,fair,212,53ee9e25-ba9b-429e-9cad-70c223a2f881,d476fc1d-0ca5-4f83-be17-af24d28c9d70
fair_cooking_05_6,takes/fair_cooking_05_6/frame_aligned_videos/aria02_214-1.mp4,0.342470,345.433340,TEST_OOD_TASK,Cooking Noodles,Cooking,fair,212,0b05324a-47a2-456a-9f7a-1c36519d86e0,d476fc1d-0ca5-4f83-be17-af24d28c9d70
fair_cooking_06_2,takes/fair_cooking_06_2/frame_aligned_videos/aria01_214-1.mp4,0.283260,415.533340,TEST_OOD_TASK,Cooking Noodles,Cooking,fair,212,154d1224-d0c0-45f9-8e89-33f1ffa04606,6e9fe254-48ad-4aae-88d9-0b71ccb5a07d
fair_cooking_06_4,takes/fair_cooking_06_4/frame_aligned_videos/aria01_214-1.mp4,1.113220,573.866670,TEST_OOD_TASK,Cooking Noodles,Cooking,fair,212,a261cc1d-7a45-479f-81a9-7c73eb379e6c,6e9fe254-48ad-4aae-88d9-0b71ccb5a07d
fair_cooking_06_6,takes/fair_cooking_06_6/frame_aligned_videos/aria01_214-1.mp4,0.395450,353.433330,TEST_OOD_TASK,Cooking Noodles,Cooking,fair,212,6bc7a29f-3397-4549-9ee2-d98fa93da873,6e9fe254-48ad-4aae-88d9-0b71ccb5a07d
fair_cooking_08_10,takes/fair_cooking_08_10/frame_aligned_videos/aria02_214-1.mp4,0.433320,206.466670,TRAIN,Making Sesame-Ginger Asian Salad,Cooking,fair,504,629a4ed5-9d3f-4a61-b699-99e77a03b449,f31b0b22-51d2-4950-a8e2-de51607d4390
fair_cooking_09_6,takes/fair_cooking_09_6/frame_aligned_videos/aria09_214-1.mp4,0.353330,557.000000,TRAIN,Making Sesame-Ginger Asian Salad,Cooking,fair,717,91d27f06-a756-45d4-9547-673a9ef0a05f,17fa9633-8b4b-4838-a0b0-383ac4d3faf2
georgiatech_bike_01_10,takes/georgiatech_bike_01_10/frame_aligned_videos/aria01_214-1.mp4,0.366650,418.829700,TEST_OOD_SITE,Fix a Flat Tire - Replace a Bike Tube,Bike Repair,georgiatech,500,74d176d1-5594-4443-a2cc-435a810173d2,ea21e097-0411-42d9-a2d1-e9ffeae658fd
georgiatech_bike_01_11,takes/georgiatech_bike_01_11/frame_aligned_videos/aria01_214-1.mp4,2.088350,142.633340,TEST_OOD_SITE,Install a Wheel,Bike Repair,georgiatech,500,4abc4d07-a180-4713-b507-69c2fe7f2db8,ea21e097-0411-42d9-a2d1-e9ffeae658fd
georgiatech_bike_01_2,takes/georgiatech_bike_01_2/frame_aligned_videos/aria01_214-1.mp4,0.020000,60.002770,TEST_OOD_SITE,Remove a Wheel,Bike Repair,georgiatech,500,e7192f4a-1559-409e-9628-34fde0504bee,ea21e097-0411-42d9-a2d1-e9ffeae658fd
georgiatech_bike_01_4,takes/georgiatech_bike_01_4/frame_aligned_videos/aria01_214-1.mp4,3.919030,467.137090,TEST_OOD_SITE,Fix a Flat Tire - Replace a Bike Tube,Bike Repair,georgiatech,500,3278b5a4-7356-42a4-ac1d-6205b7210d01,ea21e097-0411-42d9-a2d1-e9ffeae658fd
georgiatech_bike_01_6,takes/georgiatech_bike_01_6/frame_aligned_videos/aria01_214-1.mp4,0.693240,174.805480,TEST_OOD_SITE,Install a Wheel,Bike Repair,georgiatech,500,16ead1fe-e652-4b14-9c5d-2d73abd5ba78,ea21e097-0411-42d9-a2d1-e9ffeae658fd
georgiatech_bike_01_8,takes/georgiatech_bike_01_8/frame_aligned_videos/aria01_214-1.mp4,1.815730,163.233860,TEST_OOD_SITE,Remove a Wheel,Bike Repair,georgiatech,500,c0693544-bedc-4b92-8d2a-42acde8a9cf0,ea21e097-0411-42d9-a2d1-e9ffeae658fd
georgiatech_bike_02_11,takes/georgiatech_bike_02_11/frame_aligned_videos/aria02_214-1.mp4,0.433320,87.300010,TEST_OOD_SITE,Install a Wheel,Bike Repair,georgiatech,501,ad4bbbb2-2371-4b6a-8645-4c1e4016f00d,7cb33e04-a27a-48f1-8ad8-f00d8fcecc08
georgiatech_bike_02_2,takes/georgiatech_bike_02_2/frame_aligned_videos/aria02_214-1.mp4,0.492040,19.019160,TEST_OOD_SITE,Remove a Wheel,Bike Repair,georgiatech,501,2f7b4f03-02fa-4d45-a686-0aa9f1dfd00a,7cb33e04-a27a-48f1-8ad8-f00d8fcecc08
georgiatech_bike_02_4,takes/georgiatech_bike_02_4/frame_aligned_videos/aria02_214-1.mp4,1.510490,360.180730,TEST_OOD_SITE,Fix a Flat Tire - Replace a Bike Tube,Bike Repair,georgiatech,501,6f0c6cb0-bd86-4636-9ab0-20c78b1f351f,7cb33e04-a27a-48f1-8ad8-f00d8fcecc08
georgiatech_bike_02_6,takes/georgiatech_bike_02_6/frame_aligned_videos/aria02_214-1.mp4,2.621250,64.094400,TEST_OOD_SITE,Install a Wheel,Bike Repair,georgiatech,501,c5df9b0f-2bb2-4283-9483-32395296e0da,7cb33e04-a27a-48f1-8ad8-f00d8fcecc08
georgiatech_bike_02_9,takes/georgiatech_bike_02_9/frame_aligned_videos/aria02_214-1.mp4,0.857740,504.133340,TEST_OOD_SITE,Fix a Flat Tire - Replace a Bike Tube,Bike Repair,georgiatech,501,07630ac3-a2a2-45e6-8b50-4fbeb063729d,7cb33e04-a27a-48f1-8ad8-f00d8fcecc08
georgiatech_bike_03_10,takes/georgiatech_bike_03_10/frame_aligned_videos/aria04_214-1.mp4,1.013900,20.275370,TEST_OOD_SITE,Remove a Wheel,Bike Repair,georgiatech,501,8172c572-08c7-4fd1-8ab5-114efc84a5ef,7d803a44-b3b4-499a-a751-efda5d95495f
georgiatech_bike_03_12,takes/georgiatech_bike_03_12/frame_aligned_videos/aria04_214-1.mp4,0.499980,47.566670,TEST_OOD_SITE,Install a Wheel,Bike Repair,georgiatech,501,87512275-0774-4ae1-84e8-6258f67577f7,7d803a44-b3b4-499a-a751-efda5d95495f
georgiatech_bike_03_2,takes/georgiatech_bike_03_2/frame_aligned_videos/aria04_214-1.mp4,0.608880,28.066680,TEST_OOD_SITE,Remove a Wheel,Bike Repair,georgiatech,501,ec944f9c-2cd6-4f7d-9883-0bebb1feb0f7,7d803a44-b3b4-499a-a751-efda5d95495f
georgiatech_bike_03_3,takes/georgiatech_bike_03_3/frame_aligned_videos/aria04_214-1.mp4,14.488190,332.744230,TEST_OOD_SITE,Fix a Flat Tire - Replace a Bike Tube,Bike Repair,georgiatech,501,b73c9ebb-ad50-4a32-b5ff-137d0684e365,7d803a44-b3b4-499a-a751-efda5d95495f
georgiatech_bike_03_5,takes/georgiatech_bike_03_5/frame_aligned_videos/aria04_214-1.mp4,3.390630,76.600010,TEST_OOD_SITE,Install a Wheel,Bike Repair,georgiatech,501,e57ffcd1-425a-484d-9ea2-0c073134ce31,7d803a44-b3b4-499a-a751-efda5d95495f
georgiatech_bike_04_10,takes/georgiatech_bike_04_10/frame_aligned_videos/aria01_214-1.mp4,1.584740,306.079330,TEST_OOD_SITE,Fix a Flat Tire - Replace a Bike Tube,Bike Repair,georgiatech,501,dcfbcea7-821d-4f06-9ecd-95f4b99a9b4b,28804160-9a61-423f-9cf6-5b5732b2fab1
georgiatech_bike_04_12,takes/georgiatech_bike_04_12/frame_aligned_videos/aria01_214-1.mp4,0.533160,139.479690,TEST_OOD_SITE,Install a Wheel,Bike Repair,georgiatech,501,b7542f4c-19e9-4061-87be-5a6d3d95de88,28804160-9a61-423f-9cf6-5b5732b2fab1
georgiatech_bike_04_2,takes/georgiatech_bike_04_2/frame_aligned_videos/aria01_214-1.mp4,2.161130,41.833340,TEST_OOD_SITE,Remove a Wheel,Bike Repair,georgiatech,501,d13960ea-0503-4cfb-b700-8bd006544dd5,28804160-9a61-423f-9cf6-5b5732b2fab1
georgiatech_bike_04_4,takes/georgiatech_bike_04_4/frame_aligned_videos/aria01_214-1.mp4,0.711260,275.300010,TEST_OOD_SITE,Fix a Flat Tire - Replace a Bike Tube,Bike Repair,georgiatech,501,e24f2e2d-bc8f-4039-b617-b48bc45659bb,28804160-9a61-423f-9cf6-5b5732b2fab1
georgiatech_bike_04_6,takes/georgiatech_bike_04_6/frame_aligned_videos/aria01_214-1.mp4,6.635780,129.466670,TEST_OOD_SITE,Install a Wheel,Bike Repair,georgiatech,501,919b7ecf-b37e-4dd2-9fac-4f04b80fbeb8,28804160-9a61-423f-9cf6-5b5732b2fab1
georgiatech_bike_04_8,takes/georgiatech_bike_04_8/frame_aligned_videos/aria01_214-1.mp4,0.366960,64.637550,TEST_OOD_SITE,Remove a Wheel,Bike Repair,georgiatech,501,661178ca-8174-4469-bf18-ca8d40c4d7b9,28804160-9a61-423f-9cf6-5b5732b2fab1
georgiatech_bike_05_13,takes/georgiatech_bike_05_13/frame_aligned_videos/aria01_214-1.mp4,10.666670,383.718550,TEST_OOD_SITE,Fix a Flat Tire - Replace a Bike Tube,Bike Repair,georgiatech,500,0863a660-04ca-4ba6-99e6-5ffb802bb581,997c0d2d-47ed-4101-9667-235847b00615
georgiatech_bike_05_2,takes/georgiatech_bike_05_2/frame_aligned_videos/aria01_214-1.mp4,2.748830,31.512920,TEST_OOD_SITE,Remove a Wheel,Bike Repair,georgiatech,500,72784203-1894-492b-b97d-3854eceae191,997c0d2d-47ed-4101-9667-235847b00615
georgiatech_bike_05_6,takes/georgiatech_bike_05_6/frame_aligned_videos/aria01_214-1.mp4,0.559270,35.355560,TEST_OOD_SITE,Remove a Wheel,Bike Repair,georgiatech,500,73935c70-6d88-4f4d-a4f3-9baf70afa5b1,997c0d2d-47ed-4101-9667-235847b00615
georgiatech_bike_05_7,takes/georgiatech_bike_05_7/frame_aligned_videos/aria01_214-1.mp4,12.543840,115.720830,TEST_OOD_SITE,Install a Wheel,Bike Repair,georgiatech,500,260afb8c-0cac-4f5e-8b07-02e85fc17d6f,997c0d2d-47ed-4101-9667-235847b00615
georgiatech_bike_05_9,takes/georgiatech_bike_05_9/frame_aligned_videos/aria01_214-1.mp4,2.964950,410.100010,TEST_OOD_SITE,Fix a Flat Tire - Replace a Bike Tube,Bike Repair,georgiatech,500,0507c7ee-073c-4c37-baa0-ad079aa59027,997c0d2d-47ed-4101-9667-235847b00615
georgiatech_bike_06_12,takes/georgiatech_bike_06_12/frame_aligned_videos/aria05_214-1.mp4,5.355690,50.097980,TEST_OOD_SITE,Install a Wheel,Bike Repair,georgiatech,556,091d8f3a-27d4-4dd0-8434-5b4d572e48e9,d15a17f5-097e-4b76-ae46-4e6cbbbc5959
georgiatech_bike_06_2,takes/georgiatech_bike_06_2/frame_aligned_videos/aria05_214-1.mp4,1.362150,31.776310,TEST_OOD_SITE,Remove a Wheel,Bike Repair,georgiatech,556,85b4c3c3-6486-43bd-b5b6-7cae6ffd4c9f,d15a17f5-097e-4b76-ae46-4e6cbbbc5959
georgiatech_bike_06_4,takes/georgiatech_bike_06_4/frame_aligned_videos/aria05_214-1.mp4,2.176010,310.186270,TEST_OOD_SITE,Fix a Flat Tire - Replace a Bike Tube,Bike Repair,georgiatech,556,96e117f2-984a-42fe-ad83-23857e27ae45,d15a17f5-097e-4b76-ae46-4e6cbbbc5959
georgiatech_bike_06_6,takes/georgiatech_bike_06_6/frame_aligned_videos/aria05_214-1.mp4,0.479840,84.979470,TEST_OOD_SITE,Install a Wheel,Bike Repair,georgiatech,556,168d649c-bb35-4401-9373-225f0731b508,d15a17f5-097e-4b76-ae46-4e6cbbbc5959
georgiatech_bike_07_10,takes/georgiatech_bike_07_10/frame_aligned_videos/aria06_214-1.mp4,0.520250,360.433340,TEST_OOD_SITE,Fix a Flat Tire - Replace a Bike Tube,Bike Repair,georgiatech,556,a89215f1-92fe-4207-9293-62ce108171da,4417f7bb-2494-4a49-ad26-064df14f5ed8
georgiatech_bike_07_12,takes/georgiatech_bike_07_12/frame_aligned_videos/aria06_214-1.mp4,0.576030,86.077730,TEST_OOD_SITE,Install a Wheel,Bike Repair,georgiatech,556,71b8a896-84d6-4da6-97ab-78cfee6cd5da,4417f7bb-2494-4a49-ad26-064df14f5ed8
georgiatech_bike_07_2,takes/georgiatech_bike_07_2/frame_aligned_videos/aria06_214-1.mp4,2.823590,24.619540,TEST_OOD_SITE,Remove a Wheel,Bike Repair,georgiatech,556,725b6b84-0a79-4053-b581-828a5da77753,4417f7bb-2494-4a49-ad26-064df14f5ed8
georgiatech_bike_07_4,takes/georgiatech_bike_07_4/frame_aligned_videos/aria06_214-1.mp4,0.333320,197.733340,TEST_OOD_SITE,Fix a Flat Tire - Replace a Bike Tube,Bike Repair,georgiatech,556,a628ce61-dbd9-428e-ad72-106c9aa8af3f,4417f7bb-2494-4a49-ad26-064df14f5ed8
georgiatech_bike_07_6,takes/georgiatech_bike_07_6/frame_aligned_videos/aria06_214-1.mp4,1.302690,57.690510,TEST_OOD_SITE,Install a Wheel,Bike Repair,georgiatech,556,c935b13b-462a-4ced-a041-f06592dff0e5,4417f7bb-2494-4a49-ad26-064df14f5ed8
georgiatech_bike_07_8,takes/georgiatech_bike_07_8/frame_aligned_videos/aria06_214-1.mp4,0.366650,37.066670,TEST_OOD_SITE,Remove a Wheel,Bike Repair,georgiatech,556,2dc49d13-5347-4d4b-8506-5510f2ae0b84,4417f7bb-2494-4a49-ad26-064df14f5ed8
georgiatech_bike_08_10,takes/georgiatech_bike_08_10/frame_aligned_videos/aria01_214-1.mp4,4.066210,115.372490,TEST_OOD_SITE,Fix a Flat Tire - Replace a Bike Tube,Bike Repair,georgiatech,617,4314405a-618d-40e4-830f-ab9c23211588,edcf32eb-3cb4-4f02-892d-21335b710b28
georgiatech_bike_08_12,takes/georgiatech_bike_08_12/frame_aligned_videos/aria01_214-1.mp4,1.247580,308.812260,TEST_OOD_SITE,Install a Wheel,Bike Repair,georgiatech,617,e353042a-42b6-44fc-b825-3017f274de96,edcf32eb-3cb4-4f02-892d-21335b710b28
georgiatech_bike_08_2,takes/georgiatech_bike_08_2/frame_aligned_videos/aria01_214-1.mp4,0.472830,26.000010,TEST_OOD_SITE,Remove a Wheel,Bike Repair,georgiatech,617,29f5c00a-4562-45e4-8365-5f9413cf3e26,edcf32eb-3cb4-4f02-892d-21335b710b28
georgiatech_bike_08_4,takes/georgiatech_bike_08_4/frame_aligned_videos/aria01_214-1.mp4,0.435560,249.555420,TEST_OOD_SITE,Fix a Flat Tire - Replace a Bike Tube,Bike Repair,georgiatech,617,1f22e560-2372-43b2-83c4-e452c3287fc1,edcf32eb-3cb4-4f02-892d-21335b710b28
georgiatech_bike_08_6,takes/georgiatech_bike_08_6/frame_aligned_videos/aria01_214-1.mp4,0.751540,36.133330,TEST_OOD_SITE,Install a Wheel,Bike Repair,georgiatech,617,aca145aa-6d73-4bc7-81bb-2d303e3a6199,edcf32eb-3cb4-4f02-892d-21335b710b28
georgiatech_bike_09_11,takes/georgiatech_bike_09_11/frame_aligned_videos/aria05_214-1.mp4,1.032980,619.137170,TEST_OOD_SITE,Install a Wheel,Bike Repair,georgiatech,617,2660fb72-9d4c-4412-a4fe-24faf8bfec92,e7634ff3-f16c-45ca-b586-c2180e2bc5c8
georgiatech_bike_09_2,takes/georgiatech_bike_09_2/frame_aligned_videos/aria05_214-1.mp4,0.020000,94.216670,TEST_OOD_SITE,Remove a Wheel,Bike Repair,georgiatech,617,d57e2e2d-2da4-4a67-8312-60b9ca0551c6,e7634ff3-f16c-45ca-b586-c2180e2bc5c8
georgiatech_bike_09_4,takes/georgiatech_bike_09_4/frame_aligned_videos/aria05_214-1.mp4,0.466650,259.866670,TEST_OOD_SITE,Fix a Flat Tire - Replace a Bike Tube,Bike Repair,georgiatech,617,f35ff3aa-cc71-4545-9942-fd2d652ab160,e7634ff3-f16c-45ca-b586-c2180e2bc5c8
georgiatech_bike_09_6,takes/georgiatech_bike_09_6/frame_aligned_videos/aria05_214-1.mp4,4.780440,133.802660,TEST_OOD_SITE,Install a Wheel,Bike Repair,georgiatech,617,5fa21441-f369-4773-b284-9cae3a722278,e7634ff3-f16c-45ca-b586-c2180e2bc5c8
georgiatech_bike_09_8,takes/georgiatech_bike_09_8/frame_aligned_videos/aria05_214-1.mp4,0.616650,249.700020,TEST_OOD_SITE,Remove a Wheel,Bike Repair,georgiatech,617,f830b550-8282-4e37-8417-5fe5d094f0fc,e7634ff3-f16c-45ca-b586-c2180e2bc5c8
georgiatech_bike_09_9,takes/georgiatech_bike_09_9/frame_aligned_videos/aria05_214-1.mp4,0.599980,270.305470,TEST_OOD_SITE,Fix a Flat Tire - Replace a Bike Tube,Bike Repair,georgiatech,617,db85dc4c-72a3-45a0-8f33-c239fe955f42,e7634ff3-f16c-45ca-b586-c2180e2bc5c8
georgiatech_bike_10_10,takes/georgiatech_bike_10_10/frame_aligned_videos/aria02_214-1.mp4,0.937100,79.309350,TEST_OOD_SITE,Install a Wheel,Bike Repair,georgiatech,618,f462ffd2-da2b-497e-a74b-486a11a74203,22a0531d-70ee-4357-9126-e180aa104dd4
georgiatech_bike_10_2,takes/georgiatech_bike_10_2/frame_aligned_videos/aria02_214-1.mp4,0.380590,49.304270,TEST_OOD_SITE,Remove a Wheel,Bike Repair,georgiatech,618,f1cda984-ee18-4257-861c-a5691d8fde65,22a0531d-70ee-4357-9126-e180aa104dd4
georgiatech_bike_10_4,takes/georgiatech_bike_10_4/frame_aligned_videos/aria02_214-1.mp4,0.841910,256.144010,TEST_OOD_SITE,Fix a Flat Tire - Replace a Bike Tube,Bike Repair,georgiatech,618,d47fb8b1-1ecf-4c00-a096-c1d0cba08900,22a0531d-70ee-4357-9126-e180aa104dd4
georgiatech_bike_10_6,takes/georgiatech_bike_10_6/frame_aligned_videos/aria02_214-1.mp4,2.214280,113.639120,TEST_OOD_SITE,Install a Wheel,Bike Repair,georgiatech,618,d68f0d40-c574-47cc-9ae5-3f95be1b440f,22a0531d-70ee-4357-9126-e180aa104dd4
georgiatech_bike_10_8,takes/georgiatech_bike_10_8/frame_aligned_videos/aria02_214-1.mp4,0.370560,31.333340,TEST_OOD_SITE,Remove a Wheel,Bike Repair,georgiatech,618,7a28a812-34c4-46db-9022-f19b254488c0,22a0531d-70ee-4357-9126-e180aa104dd4
georgiatech_bike_11_2,takes/georgiatech_bike_11_2/frame_aligned_videos/aria05_214-1.mp4,0.477090,20.900010,TEST_OOD_SITE,Remove a Wheel,Bike Repair,georgiatech,617,7d2a3fcc-a2b1-452b-923d-e819a9e8c84f,68ed1ce4-66a3-41af-9811-87d39458c7b0
georgiatech_bike_11_4,takes/georgiatech_bike_11_4/frame_aligned_videos/aria05_214-1.mp4,7.413030,481.846740,TEST_OOD_SITE,Fix a Flat Tire - Replace a Bike Tube,Bike Repair,georgiatech,617,b438ed3a-8519-42a4-b3ff-bc8490773030,68ed1ce4-66a3-41af-9811-87d39458c7b0
georgiatech_bike_11_5,takes/georgiatech_bike_11_5/frame_aligned_videos/aria05_214-1.mp4,0.319690,72.142860,TEST_OOD_SITE,Install a Wheel,Bike Repair,georgiatech,617,1d3caeb8-3450-46b7-b341-092ca8fd6beb,68ed1ce4-66a3-41af-9811-87d39458c7b0
georgiatech_bike_11_7,takes/georgiatech_bike_11_7/frame_aligned_videos/aria05_214-1.mp4,0.415250,75.447910,TEST_OOD_SITE,Remove a Wheel,Bike Repair,georgiatech,617,864227f5-9937-4e42-894e-b96e59ad5e31,68ed1ce4-66a3-41af-9811-87d39458c7b0
georgiatech_bike_11_8,takes/georgiatech_bike_11_8/frame_aligned_videos/aria05_214-1.mp4,0.243090,668.819370,TEST_OOD_SITE,Fix a Flat Tire - Replace a Bike Tube,Bike Repair,georgiatech,617,6a319620-7777-40f3-8d30-571dc727973f,68ed1ce4-66a3-41af-9811-87d39458c7b0
georgiatech_bike_11_9,takes/georgiatech_bike_11_9/frame_aligned_videos/aria05_214-1.mp4,0.299990,139.533340,TEST_OOD_SITE,Install a Wheel,Bike Repair,georgiatech,617,649c00ab-264b-4b15-bde9-85f475d8e93d,68ed1ce4-66a3-41af-9811-87d39458c7b0
georgiatech_bike_12_10,takes/georgiatech_bike_12_10/frame_aligned_videos/aria06_214-1.mp4,0.333320,276.866670,TEST_OOD_SITE,Fix a Flat Tire - Replace a Bike Tube,Bike Repair,georgiatech,618,e71c943b-75c0-4055-92fc-115d1c8f6d8a,ff9064df-8465-4997-a309-cfd6bbae75f2
georgiatech_bike_12_12,takes/georgiatech_bike_12_12/frame_aligned_videos/aria06_214-1.mp4,1.165570,51.879040,TEST_OOD_SITE,Install a Wheel,Bike Repair,georgiatech,618,4fbac7f7-f8f0-40c6-9f73-7279fcc077b1,ff9064df-8465-4997-a309-cfd6bbae75f2
georgiatech_bike_12_2,takes/georgiatech_bike_12_2/frame_aligned_videos/aria06_214-1.mp4,0.468410,34.964340,TEST_OOD_SITE,Remove a Wheel,Bike Repair,georgiatech,618,95fa7feb-562e-4085-bc83-4dd14bd9862b,ff9064df-8465-4997-a309-cfd6bbae75f2
georgiatech_bike_12_4,takes/georgiatech_bike_12_4/frame_aligned_videos/aria06_214-1.mp4,0.417960,246.997990,TEST_OOD_SITE,Fix a Flat Tire - Replace a Bike Tube,Bike Repair,georgiatech,618,f7d5c603-29d6-4800-a4fa-768819f52a84,ff9064df-8465-4997-a309-cfd6bbae75f2
georgiatech_bike_12_6,takes/georgiatech_bike_12_6/frame_aligned_videos/aria06_214-1.mp4,0.523720,45.757590,TEST_OOD_SITE,Install a Wheel,Bike Repair,georgiatech,618,6f408dd3-343d-49cc-846b-103660ab5275,ff9064df-8465-4997-a309-cfd6bbae75f2
georgiatech_bike_12_8,takes/georgiatech_bike_12_8/frame_aligned_videos/aria06_214-1.mp4,1.245450,34.989260,TEST_OOD_SITE,Remove a Wheel,Bike Repair,georgiatech,618,4df80aae-3500-463b-884d-63d034e6414f,ff9064df-8465-4997-a309-cfd6bbae75f2
georgiatech_bike_13_11,takes/georgiatech_bike_13_11/frame_aligned_videos/aria05_214-1.mp4,0.539080,170.732060,TEST_OOD_SITE,Install a Wheel,Bike Repair,georgiatech,618,fb47b3c0-525d-472e-a600-4bc587992d7e,eb931edb-d088-46d6-96ec-e234063d5d19
georgiatech_bike_13_3,takes/georgiatech_bike_13_3/frame_aligned_videos/aria05_214-1.mp4,0.799060,180.800000,TEST_OOD_SITE,Fix a Flat Tire - Replace a Bike Tube,Bike Repair,georgiatech,618,b017339c-0a23-4d8a-8f79-de75d18765f6,eb931edb-d088-46d6-96ec-e234063d5d19
georgiatech_bike_13_5,takes/georgiatech_bike_13_5/frame_aligned_videos/aria05_214-1.mp4,0.020000,142.941000,TEST_OOD_SITE,Install a Wheel,Bike Repair,georgiatech,618,cb40593c-d5a0-46bb-9c66-c330b6c43468,eb931edb-d088-46d6-96ec-e234063d5d19
georgiatech_bike_13_7,takes/georgiatech_bike_13_7/frame_aligned_videos/aria05_214-1.mp4,1.781270,85.911620,TEST_OOD_SITE,Remove a Wheel,Bike Repair,georgiatech,618,19b33513-70e2-4928-8815-5725187a1755,eb931edb-d088-46d6-96ec-e234063d5d19
georgiatech_bike_13_9,takes/georgiatech_bike_13_9/frame_aligned_videos/aria05_214-1.mp4,2.098480,185.386970,TEST_OOD_SITE,Fix a Flat Tire - Replace a Bike Tube,Bike Repair,georgiatech,618,79b6e5d3-84a8-46bd-8e45-fd514f65aeef,eb931edb-d088-46d6-96ec-e234063d5d19
georgiatech_bike_14_10,takes/georgiatech_bike_14_10/frame_aligned_videos/aria04_214-1.mp4,0.362180,432.488670,TEST_OOD_SITE,Fix a Flat Tire - Replace a Bike Tube,Bike Repair,georgiatech,662,99052842-9369-415d-b87b-1bf756ab13dd,b39331d7-af2d-4587-80c4-b7975edc71c0
georgiatech_bike_14_12,takes/georgiatech_bike_14_12/frame_aligned_videos/aria04_214-1.mp4,1.207390,75.473530,TEST_OOD_SITE,Install a Wheel,Bike Repair,georgiatech,662,350002f0-3d78-477e-9c33-80a2cc16f29e,b39331d7-af2d-4587-80c4-b7975edc71c0
georgiatech_bike_14_2,takes/georgiatech_bike_14_2/frame_aligned_videos/aria04_214-1.mp4,0.343300,51.811030,TEST_OOD_SITE,Remove a Wheel,Bike Repair,georgiatech,662,5eb9aca3-65df-4c6d-bc38-89919e19f49a,b39331d7-af2d-4587-80c4-b7975edc71c0
georgiatech_bike_14_6,takes/georgiatech_bike_14_6/frame_aligned_videos/aria04_214-1.mp4,0.380590,84.233340,TEST_OOD_SITE,Install a Wheel,Bike Repair,georgiatech,662,8ad335cf-c9c5-412f-9347-53867db66ee0,b39331d7-af2d-4587-80c4-b7975edc71c0
georgiatech_bike_14_8,takes/georgiatech_bike_14_8/frame_aligned_videos/aria04_214-1.mp4,1.272650,94.045030,TEST_OOD_SITE,Remove a Wheel,Bike Repair,georgiatech,662,c692c40e-f2ca-4338-bb9e-1c779a7288a2,b39331d7-af2d-4587-80c4-b7975edc71c0
georgiatech_bike_15_10,takes/georgiatech_bike_15_10/frame_aligned_videos/aria02_214-1.mp4,0.362990,356.400010,TEST_OOD_SITE,Fix a Flat Tire - Replace a Bike Tube,Bike Repair,georgiatech,718,7f979cc2-20b3-41e2-b46a-fd7fbd6b9384,a89c7bca-4212-4daa-a90f-3f83bd4f4883
georgiatech_bike_15_12,takes/georgiatech_bike_15_12/frame_aligned_videos/aria02_214-1.mp4,0.300000,322.866670,TEST_OOD_SITE,Fix a Flat Tire - Replace a Bike Tube,Bike Repair,georgiatech,718,0ac48b92-088a-4191-acfc-8805dfe3c87d,a89c7bca-4212-4daa-a90f-3f83bd4f4883
georgiatech_bike_15_2,takes/georgiatech_bike_15_2/frame_aligned_videos/aria02_214-1.mp4,5.613480,94.938190,TEST_OOD_SITE,Remove a Wheel,Bike Repair,georgiatech,718,341c8e30-a29d-4641-84b7-6f44c77c63d2,a89c7bca-4212-4daa-a90f-3f83bd4f4883
georgiatech_bike_15_6,takes/georgiatech_bike_15_6/frame_aligned_videos/aria02_214-1.mp4,0.020000,93.885500,TEST_OOD_SITE,Remove a Wheel,Bike Repair,georgiatech,718,853961be-a9e1-4b0c-81f6-d3e17c190b08,a89c7bca-4212-4daa-a90f-3f83bd4f4883
georgiatech_bike_15_8,takes/georgiatech_bike_15_8/frame_aligned_videos/aria02_214-1.mp4,0.462680,183.119990,TEST_OOD_SITE,Install a Wheel,Bike Repair,georgiatech,718,39aed552-db33-4f6e-92c4-88ec4b369550,a89c7bca-4212-4daa-a90f-3f83bd4f4883
georgiatech_bike_16_10,takes/georgiatech_bike_16_10/frame_aligned_videos/aria03_214-1.mp4,0.299990,120.599800,TEST_OOD_SITE,Install a Wheel,Bike Repair,georgiatech,718,da1f7028-3ccd-4dbe-90d6-eddb045496cf,97b2a144-1c98-4792-ac12-dd56ba15a55c
georgiatech_bike_16_12,takes/georgiatech_bike_16_12/frame_aligned_videos/aria03_214-1.mp4,0.020000,264.203830,TEST_OOD_SITE,Fix a Flat Tire - Replace a Bike Tube,Bike Repair,georgiatech,718,9c00fe6a-3cf2-4dd9-a34e-39cbcc506cb1,97b2a144-1c98-4792-ac12-dd56ba15a55c
georgiatech_bike_16_14,takes/georgiatech_bike_16_14/frame_aligned_videos/aria03_214-1.mp4,0.462900,232.000000,TEST_OOD_SITE,Fix a Flat Tire - Replace a Bike Tube,Bike Repair,georgiatech,718,8c904e96-eea7-4b47-a8a1-0201424090df,97b2a144-1c98-4792-ac12-dd56ba15a55c
georgiatech_bike_16_2,takes/georgiatech_bike_16_2/frame_aligned_videos/aria03_214-1.mp4,0.266650,43.500000,TEST_OOD_SITE,Remove a Wheel,Bike Repair,georgiatech,718,0ee17c1c-3c71-4e5c-bc6f-ae7dfb27232e,97b2a144-1c98-4792-ac12-dd56ba15a55c
georgiatech_bike_16_6,takes/georgiatech_bike_16_6/frame_aligned_videos/aria03_214-1.mp4,0.266660,176.900000,TEST_OOD_SITE,Install a Wheel,Bike Repair,georgiatech,718,3889788b-5b6a-4139-ab64-ecf9c0945242,97b2a144-1c98-4792-ac12-dd56ba15a55c
georgiatech_bike_16_8,takes/georgiatech_bike_16_8/frame_aligned_videos/aria03_214-1.mp4,1.060180,64.203610,TEST_OOD_SITE,Remove a Wheel,Bike Repair,georgiatech,718,45eda8fc-cb07-4d82-91f1-d02cb579b9ec,97b2a144-1c98-4792-ac12-dd56ba15a55c
georgiatech_bike_18_10,takes/georgiatech_bike_18_10/frame_aligned_videos/aria02_214-1.mp4,3.617400,173.831220,TEST_OOD_SITE,Clean and Lubricate the Chain,Bike Repair,georgiatech,829,d6646c16-5307-4488-b7a0-4f7fa0a6f3f8,1fbac33c-345c-4038-a815-8d993e3db02c
georgiatech_bike_18_12,takes/georgiatech_bike_18_12/frame_aligned_videos/aria02_214-1.mp4,0.300000,189.733340,TEST_OOD_SITE,Clean and Lubricate the Chain,Bike Repair,georgiatech,829,563ce5eb-88cf-4ffd-9840-d50f122dd596,1fbac33c-345c-4038-a815-8d993e3db02c
georgiatech_bike_18_15,takes/georgiatech_bike_18_15/frame_aligned_videos/aria02_214-1.mp4,0.366940,197.926760,TEST_OOD_SITE,Clean and Lubricate the Chain,Bike Repair,georgiatech,829,fd2c53f7-41ce-4af3-942f-ac97772bc247,1fbac33c-345c-4038-a815-8d993e3db02c
georgiatech_bike_18_2,takes/georgiatech_bike_18_2/frame_aligned_videos/aria02_214-1.mp4,0.266660,155.666680,TEST_OOD_SITE,Clean and Lubricate the Chain,Bike Repair,georgiatech,829,b05720b3-5ed4-4bca-b630-087ed4c6f7b8,1fbac33c-345c-4038-a815-8d993e3db02c
georgiatech_bike_18_4,takes/georgiatech_bike_18_4/frame_aligned_videos/aria02_214-1.mp4,3.223740,112.242800,TEST_OOD_SITE,Clean and Lubricate the Chain,Bike Repair,georgiatech,829,17755616-d1eb-4727-8237-a4e496642276,1fbac33c-345c-4038-a815-8d993e3db02c
georgiatech_bike_18_6,takes/georgiatech_bike_18_6/frame_aligned_videos/aria02_214-1.mp4,1.497970,121.004850,TEST_OOD_SITE,Clean and Lubricate the Chain,Bike Repair,georgiatech,829,0b440ec4-0ef2-497e-8034-fc5e694e2b5c,1fbac33c-345c-4038-a815-8d993e3db02c
georgiatech_bike_18_8,takes/georgiatech_bike_18_8/frame_aligned_videos/aria02_214-1.mp4,2.419940,138.113190,TEST_OOD_SITE,Clean and Lubricate the Chain,Bike Repair,georgiatech,829,ca360201-f003-44c5-ab2b-2487cdec5e1a,1fbac33c-345c-4038-a815-8d993e3db02c
georgiatech_bike_19_10,takes/georgiatech_bike_19_10/frame_aligned_videos/aria05_214-1.mp4,0.333320,181.300000,TEST_OOD_SITE,Clean and Lubricate the Chain,Bike Repair,georgiatech,829,bd82feb8-fdf7-421d-8d31-41c43d0b0fff,9b731f7e-c47c-49ba-974a-e1b7b3ceef13
georgiatech_bike_19_12,takes/georgiatech_bike_19_12/frame_aligned_videos/aria05_214-1.mp4,4.198320,199.724140,TEST_OOD_SITE,Clean and Lubricate the Chain,Bike Repair,georgiatech,829,077eb879-f9e3-47a8-a335-2144c72a4098,9b731f7e-c47c-49ba-974a-e1b7b3ceef13
georgiatech_bike_19_2,takes/georgiatech_bike_19_2/frame_aligned_videos/aria05_214-1.mp4,0.243340,155.666670,TEST_OOD_SITE,Clean and Lubricate the Chain,Bike Repair,georgiatech,829,67871694-a4c6-4c00-8bd7-fbd67898c381,9b731f7e-c47c-49ba-974a-e1b7b3ceef13
georgiatech_bike_19_4,takes/georgiatech_bike_19_4/frame_aligned_videos/aria05_214-1.mp4,0.333330,159.300000,TEST_OOD_SITE,Clean and Lubricate the Chain,Bike Repair,georgiatech,829,d80d1976-8a10-4af0-a9fb-d36264d3a074,9b731f7e-c47c-49ba-974a-e1b7b3ceef13
georgiatech_bike_19_6,takes/georgiatech_bike_19_6/frame_aligned_videos/aria05_214-1.mp4,0.266650,193.633340,TEST_OOD_SITE,Clean and Lubricate the Chain,Bike Repair,georgiatech,829,2ef42b62-0ad8-442f-b868-7df6b5d54714,9b731f7e-c47c-49ba-974a-e1b7b3ceef13
georgiatech_bike_19_8,takes/georgiatech_bike_19_8/frame_aligned_videos/aria05_214-1.mp4,0.399980,126.700000,TEST_OOD_SITE,Clean and Lubricate the Chain,Bike Repair,georgiatech,829,413c69e1-0d01-4fce-87fd-eae9e152c754,9b731f7e-c47c-49ba-974a-e1b7b3ceef13
georgiatech_cooking_01_01_2,takes/georgiatech_cooking_01_01_2/frame_aligned_videos/aria04_214-1.mp4,0.350500,1034.166660,TEST_OOD_SITE,Cooking Tomato & Eggs,Cooking,georgiatech,494,51fc36b3-e769-4617-b087-3826b280cad3,7167feb0-badc-4bc2-8a67-b73500aba925
georgiatech_cooking_01_01_4,takes/georgiatech_cooking_01_01_4/frame_aligned_videos/aria04_214-1.mp4,0.560200,1092.351250,TEST_OOD_SITE,Making Sesame-Ginger Asian Salad,Cooking,georgiatech,494,a5e81f20-ea35-4f63-a908-11d89fc1294c,7167feb0-badc-4bc2-8a67-b73500aba925
georgiatech_cooking_01_02_2,takes/georgiatech_cooking_01_02_2/frame_aligned_videos/aria05_214-1.mp4,0.866630,1352.966680,TEST_OOD_SITE,Cooking Noodles,Cooking,georgiatech,494,410ccf87-4217-4d87-836b-4af20b355d87,29b39d7b-f342-40da-a959-32a85baac9a7
georgiatech_cooking_01_02_4,takes/georgiatech_cooking_01_02_4/frame_aligned_videos/aria05_214-1.mp4,0.333320,911.755930,TEST_OOD_SITE,Cooking Tomato & Eggs,Cooking,georgiatech,494,8f3668cf-d6c8-4e50-bcaf-f5d994ee62cf,29b39d7b-f342-40da-a959-32a85baac9a7
georgiatech_cooking_01_03_2,takes/georgiatech_cooking_01_03_2/frame_aligned_videos/aria01_214-1.mp4,23.368870,1254.933340,TEST_OOD_SITE,Cooking Noodles,Cooking,georgiatech,494,0e015bb1-8406-4f3f-a49e-3c8dd4a025e9,ffef70b9-1d27-4038-9f94-7702b19fd355
georgiatech_cooking_01_03_4,takes/georgiatech_cooking_01_03_4/frame_aligned_videos/aria01_214-1.mp4,2.237410,755.121770,TEST_OOD_SITE,Making Sesame-Ginger Asian Salad,Cooking,georgiatech,494,3db860b7-a23a-4d9b-a988-4b656a608122,ffef70b9-1d27-4038-9f94-7702b19fd355
georgiatech_cooking_02_01_2,takes/georgiatech_cooking_02_01_2/frame_aligned_videos/aria02_214-1.mp4,36.709000,637.743000,TEST_OOD_SITE,Cooking Tomato & Eggs,Cooking,georgiatech,495,d494760b-e16d-4e5c-880f-b7ad598056a7,0a5623d7-7ea9-49db-ad8d-f3f3e73e24f4
georgiatech_cooking_02_01_4,takes/georgiatech_cooking_02_01_4/frame_aligned_videos/aria02_214-1.mp4,1.824620,1301.770880,TEST_OOD_SITE,Cooking Noodles,Cooking,georgiatech,495,73420725-69c3-4392-81ae-539f7e4112b2,0a5623d7-7ea9-49db-ad8d-f3f3e73e24f4
georgiatech_cooking_02_02_2,takes/georgiatech_cooking_02_02_2/frame_aligned_videos/aria03_214-1.mp4,1.756320,551.745310,TEST_OOD_SITE,Cooking Tomato & Eggs,Cooking,georgiatech,495,a56ce926-8c85-4883-9ff5-dd7779d71b64,e44a6d1d-0a67-4d9d-854b-93dbc308db8f
georgiatech_cooking_02_02_4,takes/georgiatech_cooking_02_02_4/frame_aligned_videos/aria03_214-1.mp4,11.976940,1040.391990,TEST_OOD_SITE,Cooking Noodles,Cooking,georgiatech,495,8e3034fa-7bf6-4716-bfcf-b22a64c08d23,e44a6d1d-0a67-4d9d-854b-93dbc308db8f
georgiatech_cooking_02_02_6,takes/georgiatech_cooking_02_02_6/frame_aligned_videos/aria03_214-1.mp4,0.422090,735.857140,TEST_OOD_SITE,Making Sesame-Ginger Asian Salad,Cooking,georgiatech,495,c7d8eaab-dfb5-45ce-a152-d9f79c60fcca,e44a6d1d-0a67-4d9d-854b-93dbc308db8f
georgiatech_cooking_03_01_2,takes/georgiatech_cooking_03_01_2/frame_aligned_videos/aria06_214-1.mp4,0.389210,1043.333330,TEST_OOD_SITE,Cooking Tomato & Eggs,Cooking,georgiatech,497,2f820d40-743f-49a8-b289-55276960970e,d81de308-f854-46e4-a0bf-2f434e627df5
georgiatech_cooking_03_01_4,takes/georgiatech_cooking_03_01_4/frame_aligned_videos/aria06_214-1.mp4,0.741260,1020.433340,TEST_OOD_SITE,Cooking Tomato & Eggs,Cooking,georgiatech,498,ac5041d2-af23-4b3c-9150-247142ade9fe,d81de308-f854-46e4-a0bf-2f434e627df5
georgiatech_cooking_03_01_6,takes/georgiatech_cooking_03_01_6/frame_aligned_videos/aria06_214-1.mp4,0.557200,762.000010,TEST_OOD_SITE,Cooking Tomato & Eggs,Cooking,georgiatech,498,2f5e3fbf-bd7a-4b11-b75d-ef62aa2f622d,d81de308-f854-46e4-a0bf-2f434e627df5
georgiatech_cooking_03_02_2,takes/georgiatech_cooking_03_02_2/frame_aligned_videos/aria04_214-1.mp4,1.154180,1175.333340,TEST_OOD_SITE,Cooking Tomato & Eggs,Cooking,georgiatech,497,602a2ac1-280b-46b6-bf3c-1191cb2fc224,a465e7fc-0a9c-412c-b0f6-8a973e763d79
georgiatech_cooking_03_02_4,takes/georgiatech_cooking_03_02_4/frame_aligned_videos/aria04_214-1.mp4,0.455530,1267.366670,TEST_OOD_SITE,Cooking Noodles,Cooking,georgiatech,497,97e4e710-7348-4e79-b80b-244a6b64ebdd,a465e7fc-0a9c-412c-b0f6-8a973e763d79
georgiatech_cooking_03_03_4,takes/georgiatech_cooking_03_03_4/frame_aligned_videos/aria05_214-1.mp4,0.402060,1031.500000,TEST_OOD_SITE,Cooking Noodles,Cooking,georgiatech,498,0b82763e-b9ee-40e5-8dd5-b8da7e862662,bf0b487c-cc11-441f-b0dc-71feda8ce86b
georgiatech_cooking_03_04_2,takes/georgiatech_cooking_03_04_2/frame_aligned_videos/aria02_214-1.mp4,2.360420,956.042330,TEST_OOD_SITE,Making Sesame-Ginger Asian Salad,Cooking,georgiatech,498,cef7bc84-112c-4133-9fa5-2a046c2b903a,70a3d148-d770-4372-b6b1-2f71f8944aeb
georgiatech_cooking_03_05_2,takes/georgiatech_cooking_03_05_2/frame_aligned_videos/aria03_214-1.mp4,0.622490,898.972940,TEST_OOD_SITE,Making Sesame-Ginger Asian Salad,Cooking,georgiatech,497,45450839-a979-4c26-8b35-9111bafa5731,97bc4d3d-03d1-4b93-bb97-c336523f34f9
georgiatech_cooking_03_05_4,takes/georgiatech_cooking_03_05_4/frame_aligned_videos/aria03_214-1.mp4,0.314550,849.200010,TEST_OOD_SITE,Making Sesame-Ginger Asian Salad,Cooking,georgiatech,497,916d656b-c2a0-4147-bd73-bc4050285591,97bc4d3d-03d1-4b93-bb97-c336523f34f9
georgiatech_cooking_04_01_2,takes/georgiatech_cooking_04_01_2/frame_aligned_videos/aria05_214-1.mp4,1.194660,2060.381680,TEST_OOD_SITE,Cooking Tomato & Eggs,Cooking,georgiatech,553,cc27440d-408b-4280-9436-e844ad5e7d6f,dbe61dce-d8a1-4289-ac66-6db8c5e5469e
georgiatech_cooking_04_02_2,takes/georgiatech_cooking_04_02_2/frame_aligned_videos/aria06_214-1.mp4,0.862820,1532.233350,TEST_OOD_SITE,Cooking Noodles,Cooking,georgiatech,553,af7f64f4-b423-4ede-8c5b-a083419dadae,b45f2176-8c65-4a8f-9e6f-64ac9c2d2209
georgiatech_cooking_04_02_4,takes/georgiatech_cooking_04_02_4/frame_aligned_videos/aria06_214-1.mp4,9.221660,1162.829720,TEST_OOD_SITE,Cooking Noodles,Cooking,georgiatech,553,62bbef54-0ba2-4990-a9e3-3dea114fa9cd,b45f2176-8c65-4a8f-9e6f-64ac9c2d2209
georgiatech_cooking_05_01_2,takes/georgiatech_cooking_05_01_2/frame_aligned_videos/aria03_214-1.mp4,0.383340,1125.222460,TEST_OOD_SITE,Cooking Tomato & Eggs,Cooking,georgiatech,554,36dcdc61-378f-4087-a43f-659e58eb6440,a9111eb1-f092-4e01-929e-f2e8c466a6fd
georgiatech_cooking_06_02_2,takes/georgiatech_cooking_06_02_2/frame_aligned_videos/aria02_214-1.mp4,0.434260,1116.103640,TEST_OOD_SITE,Making Sesame-Ginger Asian Salad,Cooking,georgiatech,555,42e5adb6-6557-4a87-a575-0b84150e573c,2153dbdd-ed29-49d2-bb9d-c61b4ebed5f5
georgiatech_cooking_06_02_4,takes/georgiatech_cooking_06_02_4/frame_aligned_videos/aria02_214-1.mp4,2.095580,558.357410,TEST_OOD_SITE,Making Sesame-Ginger Asian Salad,Cooking,georgiatech,555,517207e4-cbae-4e58-81b4-cc8936dcefdf,2153dbdd-ed29-49d2-bb9d-c61b4ebed5f5
georgiatech_cooking_06_03_2,takes/georgiatech_cooking_06_03_2/frame_aligned_videos/aria03_214-1.mp4,0.368260,632.148100,TEST_OOD_SITE,Making Sesame-Ginger Asian Salad,Cooking,georgiatech,555,13b85191-0a2c-4d0f-a54c-3118f5a96cbb,8d259e3c-115c-4dfe-ac65-ad9b124584b6
georgiatech_cooking_07_03_2,takes/georgiatech_cooking_07_03_2/frame_aligned_videos/aria05_214-1.mp4,0.849350,1349.801640,TEST_OOD_SITE,Cooking Noodles,Cooking,georgiatech,619,726a93e4-ec22-4373-8cac-c333e459abd5,8c3351b3-873d-49b4-a53d-d959fdea74c9
georgiatech_cooking_08_01_2,takes/georgiatech_cooking_08_01_2/frame_aligned_videos/aria06_214-1.mp4,0.396440,1486.993020,TEST_OOD_SITE,Cooking Tomato & Eggs,Cooking,georgiatech,620,f9e0edc9-b4d6-420d-a17c-aeff65285df5,0dcb39b6-40b0-4b33-8055-fc7335d5e0c9
georgiatech_cooking_08_01_4,takes/georgiatech_cooking_08_01_4/frame_aligned_videos/aria06_214-1.mp4,0.266660,663.433340,TEST_OOD_SITE,Cooking Tomato & Eggs,Cooking,georgiatech,620,00a6dd13-d5b0-4743-b252-ed61e61f1d49,0dcb39b6-40b0-4b33-8055-fc7335d5e0c9
georgiatech_cooking_08_02_4,takes/georgiatech_cooking_08_02_4/frame_aligned_videos/aria05_214-1.mp4,0.466650,1360.933350,TEST_OOD_SITE,Cooking Noodles,Cooking,georgiatech,620,1eb05a1d-dbda-43fd-b745-115fbaca47cb,f27680e4-7f24-4aa8-8c1b-ba9b5691c548
georgiatech_cooking_09_01_6,takes/georgiatech_cooking_09_01_6/frame_aligned_videos/aria04_214-1.mp4,0.913660,910.755020,TEST_OOD_SITE,Making Sesame-Ginger Asian Salad,Cooking,georgiatech,621,9d7d1acd-671f-4662-9c30-6ec10abd219a,250227da-6752-48c3-b1e4-fba56a2ded3f
georgiatech_cooking_09_02_2,takes/georgiatech_cooking_09_02_2/frame_aligned_videos/aria02_214-1.mp4,0.566640,1245.600010,TEST_OOD_SITE,Cooking Tomato & Eggs,Cooking,georgiatech,621,ce9bec98-3ec5-4189-8f9d-03e3ff3cddda,de20f093-ea2e-446f-a166-6b3ba19b8c36
georgiatech_cooking_10_01_2,takes/georgiatech_cooking_10_01_2/frame_aligned_videos/aria01_214-1.mp4,0.482350,1544.293040,TEST_OOD_SITE,Cooking Tomato & Eggs,Cooking,georgiatech,622,442c74f8-4d52-4f78-bf23-f8741d9b3f45,f2e0e233-c69c-4bad-9c7b-70d52407d219
georgiatech_cooking_10_02_4,takes/georgiatech_cooking_10_02_4/frame_aligned_videos/aria06_214-1.mp4,1.518380,1097.400010,TEST_OOD_SITE,Cooking Noodles,Cooking,georgiatech,622,f54df2fb-065d-4c1c-874d-ae06e7837c8f,0e252c2a-a321-4ad6-b739-bb6fe2c7c3f2
georgiatech_cooking_11_01_4,takes/georgiatech_cooking_11_01_4/frame_aligned_videos/aria03_214-1.mp4,13.478140,1383.066670,TEST_OOD_SITE,Making Sesame-Ginger Asian Salad,Cooking,georgiatech,623,a268acaf-1493-43ed-b368-346aa9a0f09f,17747951-dc74-450b-8f4e-2c752472fd6f
georgiatech_cooking_11_02_3,takes/georgiatech_cooking_11_02_3/frame_aligned_videos/aria05_214-1.mp4,0.259290,1197.680950,TEST_OOD_SITE,Cooking Noodles,Cooking,georgiatech,623,43b6b938-dc04-4e86-9165-e4f011aa7344,dca95dc9-2765-4e0a-bc43-6e471a1fbf84
georgiatech_cooking_12_01_2,takes/georgiatech_cooking_12_01_2/frame_aligned_videos/aria02_214-1.mp4,0.020000,993.666670,TEST_OOD_SITE,Cooking Tomato & Eggs,Cooking,georgiatech,624,ecc728eb-5207-4849-b546-4d0a69729f30,9fc51c2a-7e58-412e-8865-93c1340a717c
georgiatech_cooking_12_01_4,takes/georgiatech_cooking_12_01_4/frame_aligned_videos/aria02_214-1.mp4,0.341330,985.817550,TEST_OOD_SITE,Cooking Tomato & Eggs,Cooking,georgiatech,624,b7501cba-7399-4e36-9ee4-38308487395f,9fc51c2a-7e58-412e-8865-93c1340a717c
georgiatech_cooking_12_02_2,takes/georgiatech_cooking_12_02_2/frame_aligned_videos/aria04_214-1.mp4,2.676080,1156.883710,TEST_OOD_SITE,Making Sesame-Ginger Asian Salad,Cooking,georgiatech,624,570b3b00-ff83-4eff-9313-9c0ef967d9b6,a45e9fdb-b148-4eb5-8489-30e0762217d8
georgiatech_cooking_12_02_4,takes/georgiatech_cooking_12_02_4/frame_aligned_videos/aria04_214-1.mp4,0.438250,1449.909250,TEST_OOD_SITE,Cooking Noodles,Cooking,georgiatech,624,b7dcdb10-8da5-4514-8bf2-efcee9c2900f,a45e9fdb-b148-4eb5-8489-30e0762217d8
georgiatech_cooking_13_01_2,takes/georgiatech_cooking_13_01_2/frame_aligned_videos/aria06_214-1.mp4,0.397510,2525.866670,TEST_OOD_SITE,Making Sesame-Ginger Asian Salad,Cooking,georgiatech,660,8ce0e245-f497-408f-9b28-e28f2cc22186,72155a77-c64f-4cde-94c0-4764417e40b9
georgiatech_cooking_13_02_2,takes/georgiatech_cooking_13_02_2/frame_aligned_videos/aria04_214-1.mp4,0.299990,1348.700000,TEST_OOD_SITE,Making Sesame-Ginger Asian Salad,Cooking,georgiatech,660,8cfcffd0-f9fc-4a34-82ce-2e7de6b92f09,e7392f70-de17-4c2e-891f-3c771b298fa8
georgiatech_cooking_13_02_4,takes/georgiatech_cooking_13_02_4/frame_aligned_videos/aria04_214-1.mp4,0.901910,1703.900000,TEST_OOD_SITE,Cooking Noodles,Cooking,georgiatech,660,35126149-33ed-49d2-9fa9-cc4ad6236508,e7392f70-de17-4c2e-891f-3c771b298fa8
georgiatech_cooking_14_01_6,takes/georgiatech_cooking_14_01_6/frame_aligned_videos/aria01_214-1.mp4,0.433320,772.166670,TEST_OOD_SITE,Cooking Tomato & Eggs,Cooking,georgiatech,661,4af687ac-9602-48b9-acaf-c0085bc2fe53,21156496-0155-439e-ac5f-51e8b2b8b45d
georgiatech_cooking_14_02_2,takes/georgiatech_cooking_14_02_2/frame_aligned_videos/aria02_214-1.mp4,0.333320,986.046820,TEST_OOD_SITE,Cooking Noodles,Cooking,georgiatech,661,07433534-77d9-452d-a1b6-f33ed24f67c6,503a59f8-6b9f-44d2-9408-d37c4ff87072
georgiatech_cooking_14_02_5,takes/georgiatech_cooking_14_02_5/frame_aligned_videos/aria02_214-1.mp4,0.401730,923.852590,TEST_OOD_SITE,Cooking Noodles,Cooking,georgiatech,661,c05f9787-04cf-42c2-ae80-056dbecfaad1,503a59f8-6b9f-44d2-9408-d37c4ff87072
georgiatech_cooking_14_03_2,takes/georgiatech_cooking_14_03_2/frame_aligned_videos/aria03_214-1.mp4,0.499980,1507.066670,TEST_OOD_SITE,Making Sesame-Ginger Asian Salad,Cooking,georgiatech,661,320b27ac-6176-49fc-b3d7-44dbd7938593,09c6230f-a3c2-40c6-bb89-69ea720b1d95
georgiatech_covid_02_10,takes/georgiatech_covid_02_10/frame_aligned_videos/aria01_214-1.mp4,0.000000,263.533330,TEST_OOD_SITE,Covid-19 Rapid Antigen Test,Health,georgiatech,203,6ded8a71-6cca-4514-bbe0-6a5f028262c9,f7941eb0-47bc-4ed0-a344-5a52c14f650f
georgiatech_covid_02_12,takes/georgiatech_covid_02_12/frame_aligned_videos/aria01_214-1.mp4,0.571120,252.750960,TEST_OOD_SITE,Covid-19 Rapid Antigen Test,Health,georgiatech,203,e09f97c8-0493-4d0a-98a6-e678d4c7dc00,f7941eb0-47bc-4ed0-a344-5a52c14f650f
georgiatech_covid_02_14,takes/georgiatech_covid_02_14/frame_aligned_videos/aria01_214-1.mp4,1.949520,154.324920,TEST_OOD_SITE,Covid-19 Rapid Antigen Test,Health,georgiatech,203,c4c0e97d-135b-4dec-b736-e184442bd42e,f7941eb0-47bc-4ed0-a344-5a52c14f650f
georgiatech_covid_02_2,takes/georgiatech_covid_02_2/frame_aligned_videos/aria01_214-1.mp4,1.991100,281.912700,TEST_OOD_SITE,Covid-19 Rapid Antigen Test,Health,georgiatech,203,cc8bfc86-777e-4537-b207-9c599e9a1f40,f7941eb0-47bc-4ed0-a344-5a52c14f650f
georgiatech_covid_02_4,takes/georgiatech_covid_02_4/frame_aligned_videos/aria01_214-1.mp4,1.466670,282.451570,TEST_OOD_SITE,Covid-19 Rapid Antigen Test,Health,georgiatech,203,b511dfed-58f4-4c91-bf0a-f8ce9d47aea9,f7941eb0-47bc-4ed0-a344-5a52c14f650f
georgiatech_covid_02_6,takes/georgiatech_covid_02_6/frame_aligned_videos/aria01_214-1.mp4,0.546110,228.900000,TEST_OOD_SITE,Covid-19 Rapid Antigen Test,Health,georgiatech,203,ede7b9c1-c501-40b3-bc6d-205ea142366c,f7941eb0-47bc-4ed0-a344-5a52c14f650f
georgiatech_covid_02_8,takes/georgiatech_covid_02_8/frame_aligned_videos/aria01_214-1.mp4,0.442730,175.679070,TEST_OOD_SITE,Covid-19 Rapid Antigen Test,Health,georgiatech,203,b60db7b1-c623-4f04-8c63-695c24b4648b,f7941eb0-47bc-4ed0-a344-5a52c14f650f
georgiatech_covid_03_10,takes/georgiatech_covid_03_10/frame_aligned_videos/aria01_214-1.mp4,0.566640,178.266670,TEST_OOD_SITE,Covid-19 Rapid Antigen Test,Health,georgiatech,204,e4751da9-508b-401f-bdcb-90bb0921d7b9,ba0ef6b1-e86f-4039-8bbb-5612f5f28c90
georgiatech_covid_03_14,takes/georgiatech_covid_03_14/frame_aligned_videos/aria01_214-1.mp4,1.459970,185.700010,TEST_OOD_SITE,Covid-19 Rapid Antigen Test,Health,georgiatech,204,2a926404-4a2f-49a7-b249-7cbd16f1235e,ba0ef6b1-e86f-4039-8bbb-5612f5f28c90
georgiatech_covid_03_4,takes/georgiatech_covid_03_4/frame_aligned_videos/aria01_214-1.mp4,94.452090,285.523370,TEST_OOD_SITE,Covid-19 Rapid Antigen Test,Health,georgiatech,204,68c657c5-24e9-4a8a-80a4-3f1fa7bf0ae3,ba0ef6b1-e86f-4039-8bbb-5612f5f28c90
georgiatech_covid_03_6,takes/georgiatech_covid_03_6/frame_aligned_videos/aria01_214-1.mp4,0.782750,319.223970,TEST_OOD_SITE,Covid-19 Rapid Antigen Test,Health,georgiatech,204,fb083c14-d568-424b-8450-b7f0455478ec,ba0ef6b1-e86f-4039-8bbb-5612f5f28c90
georgiatech_covid_03_8,takes/georgiatech_covid_03_8/frame_aligned_videos/aria01_214-1.mp4,1.252630,258.531840,TEST_OOD_SITE,Covid-19 Rapid Antigen Test,Health,georgiatech,204,612b8008-e028-4fcc-a6dc-4a5ee3115e6d,ba0ef6b1-e86f-4039-8bbb-5612f5f28c90
georgiatech_covid_04_10,takes/georgiatech_covid_04_10/frame_aligned_videos/aria02_214-1.mp4,0.641240,257.847180,TEST_OOD_SITE,Covid-19 Rapid Antigen Test,Health,georgiatech,205,85fd6959-1429-4edc-8cfb-632c45599558,9d8e98c6-10a9-41fa-a612-ad413257351b
georgiatech_covid_04_14,takes/georgiatech_covid_04_14/frame_aligned_videos/aria02_214-1.mp4,0.402670,308.619280,TEST_OOD_SITE,Covid-19 Rapid Antigen Test,Health,georgiatech,205,99615a31-c056-4d5d-9f42-32dc2c437d14,9d8e98c6-10a9-41fa-a612-ad413257351b
georgiatech_covid_04_2,takes/georgiatech_covid_04_2/frame_aligned_videos/aria02_214-1.mp4,0.020000,371.900000,TEST_OOD_SITE,Covid-19 Rapid Antigen Test,Health,georgiatech,205,7215cf58-5fc4-4b4b-acbf-cf3c3e734ee1,9d8e98c6-10a9-41fa-a612-ad413257351b
georgiatech_covid_04_8,takes/georgiatech_covid_04_8/frame_aligned_videos/aria02_214-1.mp4,0.836040,351.833340,TEST_OOD_SITE,Covid-19 Rapid Antigen Test,Health,georgiatech,205,0dbdfbf7-046b-4d42-abcc-023cf6004bec,9d8e98c6-10a9-41fa-a612-ad413257351b
georgiatech_covid_05_12,takes/georgiatech_covid_05_12/frame_aligned_videos/aria01_214-1.mp4,0.710110,211.519130,TEST_OOD_SITE,Covid-19 Rapid Antigen Test,Health,georgiatech,389,c7c5fe65-f694-4ff1-b51d-ee8059143f51,57622304-c9e1-4bdc-86d3-62306fe4b352
georgiatech_covid_05_2,takes/georgiatech_covid_05_2/frame_aligned_videos/aria01_214-1.mp4,0.641270,258.436290,TEST_OOD_SITE,Covid-19 Rapid Antigen Test,Health,georgiatech,389,c8b331da-1756-4836-acc5-f3d1c2142339,57622304-c9e1-4bdc-86d3-62306fe4b352
georgiatech_covid_05_4,takes/georgiatech_covid_05_4/frame_aligned_videos/aria01_214-1.mp4,0.534580,207.166680,TEST_OOD_SITE,Covid-19 Rapid Antigen Test,Health,georgiatech,389,bbc13004-11f9-4a73-ab06-3fa3836d518f,57622304-c9e1-4bdc-86d3-62306fe4b352
georgiatech_covid_05_6,takes/georgiatech_covid_05_6/frame_aligned_videos/aria01_214-1.mp4,0.594590,166.466670,TEST_OOD_SITE,Covid-19 Rapid Antigen Test,Health,georgiatech,389,aa445893-9c9f-402a-a646-a8dacc34ebc1,57622304-c9e1-4bdc-86d3-62306fe4b352
georgiatech_covid_06_4,takes/georgiatech_covid_06_4/frame_aligned_videos/aria01_214-1.mp4,0.492310,271.117150,TEST_OOD_SITE,Covid-19 Rapid Antigen Test,Health,georgiatech,390,5bd830a8-5752-4aab-bd01-e9fb518864fe,f6f6615c-35d4-4854-9507-475ecd654375
georgiatech_covid_07_10,takes/georgiatech_covid_07_10/frame_aligned_videos/aria02_214-1.mp4,0.745070,189.600010,TEST_OOD_SITE,Covid-19 Rapid Antigen Test,Health,georgiatech,391,1e457d17-85cd-44b2-9c60-84304b07282d,2aecc17e-002e-42fb-9552-85d33e165f19
georgiatech_covid_07_12,takes/georgiatech_covid_07_12/frame_aligned_videos/aria02_214-1.mp4,1.181000,194.786000,TEST_OOD_SITE,Covid-19 Rapid Antigen Test,Health,georgiatech,391,0f9842a7-512f-4c04-9254-b810129f52b3,2aecc17e-002e-42fb-9552-85d33e165f19
georgiatech_covid_07_2,takes/georgiatech_covid_07_2/frame_aligned_videos/aria02_214-1.mp4,0.525120,335.552680,TEST_OOD_SITE,Covid-19 Rapid Antigen Test,Health,georgiatech,391,f7d3a129-4548-41d6-b675-0e85c4d4e324,2aecc17e-002e-42fb-9552-85d33e165f19
georgiatech_covid_07_4,takes/georgiatech_covid_07_4/frame_aligned_videos/aria02_214-1.mp4,1.988870,291.145780,TEST_OOD_SITE,Covid-19 Rapid Antigen Test,Health,georgiatech,391,3566c03b-5c4d-4fb8-b73c-0117a95cafb5,2aecc17e-002e-42fb-9552-85d33e165f19
georgiatech_covid_07_6,takes/georgiatech_covid_07_6/frame_aligned_videos/aria02_214-1.mp4,2.067150,300.253900,TEST_OOD_SITE,Covid-19 Rapid Antigen Test,Health,georgiatech,391,77cd56fc-6b68-4c7f-814b-81545484dd2d,2aecc17e-002e-42fb-9552-85d33e165f19
georgiatech_covid_07_8,takes/georgiatech_covid_07_8/frame_aligned_videos/aria02_214-1.mp4,1.337520,189.566670,TEST_OOD_SITE,Covid-19 Rapid Antigen Test,Health,georgiatech,391,cc93caa4-3f2e-48fb-95d6-fdfc0e45db01,2aecc17e-002e-42fb-9552-85d33e165f19
georgiatech_covid_08_10,takes/georgiatech_covid_08_10/frame_aligned_videos/aria02_214-1.mp4,0.512730,244.166670,TEST_OOD_SITE,Covid-19 Rapid Antigen Test,Health,georgiatech,392,8e3c3065-f05d-4ce2-af8e-f6bbd58d4383,604c654c-1c28-492a-8e2d-996e3c02f58c
georgiatech_covid_08_12,takes/georgiatech_covid_08_12/frame_aligned_videos/aria02_214-1.mp4,0.558620,286.433340,TEST_OOD_SITE,Covid-19 Rapid Antigen Test,Health,georgiatech,392,01ad22c9-6626-46cf-b5e2-a316faacfb99,604c654c-1c28-492a-8e2d-996e3c02f58c
georgiatech_covid_08_2,takes/georgiatech_covid_08_2/frame_aligned_videos/aria02_214-1.mp4,0.453210,120.243600,TEST_OOD_SITE,Covid-19 Rapid Antigen Test,Health,georgiatech,392,3cbf69e4-1c29-4515-9a03-67c3526e91e1,604c654c-1c28-492a-8e2d-996e3c02f58c
georgiatech_covid_08_4,takes/georgiatech_covid_08_4/frame_aligned_videos/aria02_214-1.mp4,1.150780,211.009350,TEST_OOD_SITE,Covid-19 Rapid Antigen Test,Health,georgiatech,392,8f379213-9adf-40d8-9482-3eed6b03b83b,604c654c-1c28-492a-8e2d-996e3c02f58c
georgiatech_covid_08_6,takes/georgiatech_covid_08_6/frame_aligned_videos/aria02_214-1.mp4,0.533310,219.933340,TEST_OOD_SITE,Covid-19 Rapid Antigen Test,Health,georgiatech,392,ba599750-543d-4b8f-bf65-da170082a25e,604c654c-1c28-492a-8e2d-996e3c02f58c
georgiatech_covid_08_8,takes/georgiatech_covid_08_8/frame_aligned_videos/aria02_214-1.mp4,1.453800,200.076910,TEST_OOD_SITE,Covid-19 Rapid Antigen Test,Health,georgiatech,392,71d1fd0e-6665-4b45-8b2a-3460d36e368a,604c654c-1c28-492a-8e2d-996e3c02f58c
georgiatech_covid_09_10,takes/georgiatech_covid_09_10/frame_aligned_videos/aria01_214-1.mp4,1.601080,276.500000,TEST_OOD_SITE,Covid-19 Rapid Antigen Test,Health,georgiatech,393,11bf68ee-12f0-435d-98eb-925c158ac705,8d04a4fa-2838-48fd-9e2e-ecc0dac69352
georgiatech_covid_09_12,takes/georgiatech_covid_09_12/frame_aligned_videos/aria01_214-1.mp4,1.206720,200.750670,TEST_OOD_SITE,Covid-19 Rapid Antigen Test,Health,georgiatech,393,6dd93969-2dff-4546-bac6-a435698eb14a,8d04a4fa-2838-48fd-9e2e-ecc0dac69352
georgiatech_covid_09_4,takes/georgiatech_covid_09_4/frame_aligned_videos/aria01_214-1.mp4,0.617300,230.926660,TEST_OOD_SITE,Covid-19 Rapid Antigen Test,Health,georgiatech,393,dd09ac20-b7ae-48e0-a0c1-69f49f541ac4,8d04a4fa-2838-48fd-9e2e-ecc0dac69352
georgiatech_covid_09_6,takes/georgiatech_covid_09_6/frame_aligned_videos/aria01_214-1.mp4,2.460180,198.659690,TEST_OOD_SITE,Covid-19 Rapid Antigen Test,Health,georgiatech,393,f7919017-3bd3-4c92-8f7f-ce9b33f07353,8d04a4fa-2838-48fd-9e2e-ecc0dac69352
georgiatech_covid_11_11,takes/georgiatech_covid_11_11/frame_aligned_videos/aria01_214-1.mp4,0.725360,253.000010,TEST_OOD_SITE,Covid-19 Rapid Antigen Test,Health,georgiatech,453,9e3cebb7-8a16-471a-9b32-d9b4e294896e,b291c326-52cf-47e1-9730-821dfa8b4200
georgiatech_covid_11_13,takes/georgiatech_covid_11_13/frame_aligned_videos/aria01_214-1.mp4,1.146920,220.266680,TEST_OOD_SITE,Covid-19 Rapid Antigen Test,Health,georgiatech,453,5ccd281c-9ede-49d8-9f61-f8f228565472,b291c326-52cf-47e1-9730-821dfa8b4200
georgiatech_covid_11_2,takes/georgiatech_covid_11_2/frame_aligned_videos/aria01_214-1.mp4,0.499980,511.366670,TEST_OOD_SITE,Covid-19 Rapid Antigen Test,Health,georgiatech,453,6d1847fe-d2d2-4a11-80fb-1cf5ff6d965a,b291c326-52cf-47e1-9730-821dfa8b4200
georgiatech_covid_11_4,takes/georgiatech_covid_11_4/frame_aligned_videos/aria01_214-1.mp4,0.518580,350.900010,TEST_OOD_SITE,Covid-19 Rapid Antigen Test,Health,georgiatech,453,7f534830-cde5-45ff-87fc-d2072a584cae,b291c326-52cf-47e1-9730-821dfa8b4200
georgiatech_covid_11_7,takes/georgiatech_covid_11_7/frame_aligned_videos/aria01_214-1.mp4,1.147200,334.645820,TEST_OOD_SITE,Covid-19 Rapid Antigen Test,Health,georgiatech,453,e469c7e2-bcbd-4cf6-97d7-3f3562e5c1a9,b291c326-52cf-47e1-9730-821dfa8b4200
georgiatech_covid_11_9,takes/georgiatech_covid_11_9/frame_aligned_videos/aria01_214-1.mp4,0.590160,323.566680,TEST_OOD_SITE,Covid-19 Rapid Antigen Test,Health,georgiatech,453,69cd4cbf-f1f1-4b92-ae7d-85d85e144554,b291c326-52cf-47e1-9730-821dfa8b4200
georgiatech_covid_12_11,takes/georgiatech_covid_12_11/frame_aligned_videos/aria01_214-1.mp4,0.386390,162.369710,TEST_OOD_SITE,Covid-19 Rapid Antigen Test,Health,georgiatech,454,d6706cac-3a65-411f-b9e2-cf7245305fbe,df96935c-2980-4ef8-bbb5-0978bcb2aaf0
georgiatech_covid_12_13,takes/georgiatech_covid_12_13/frame_aligned_videos/aria01_214-1.mp4,0.499980,230.366670,TEST_OOD_SITE,Covid-19 Rapid Antigen Test,Health,georgiatech,454,ea9149f5-4953-4f44-9712-e45ccb976568,df96935c-2980-4ef8-bbb5-0978bcb2aaf0
georgiatech_covid_12_3,takes/georgiatech_covid_12_3/frame_aligned_videos/aria01_214-1.mp4,0.530400,121.466670,TEST_OOD_SITE,Covid-19 Rapid Antigen Test,Health,georgiatech,454,062ed386-05a4-4ff5-a8ff-2235045349d7,df96935c-2980-4ef8-bbb5-0978bcb2aaf0
georgiatech_covid_12_5,takes/georgiatech_covid_12_5/frame_aligned_videos/aria01_214-1.mp4,0.481360,278.333340,TEST_OOD_SITE,Covid-19 Rapid Antigen Test,Health,georgiatech,454,4d250ada-e17a-4385-a08c-88b645cfe872,df96935c-2980-4ef8-bbb5-0978bcb2aaf0
georgiatech_covid_12_7,takes/georgiatech_covid_12_7/frame_aligned_videos/aria01_214-1.mp4,0.562220,188.933340,TEST_OOD_SITE,Covid-19 Rapid Antigen Test,Health,georgiatech,454,574adb34-f42d-494b-8ccf-a62922bb5299,df96935c-2980-4ef8-bbb5-0978bcb2aaf0
georgiatech_covid_12_9,takes/georgiatech_covid_12_9/frame_aligned_videos/aria01_214-1.mp4,0.399980,204.466670,TEST_OOD_SITE,Covid-19 Rapid Antigen Test,Health,georgiatech,454,80f65504-a37a-4c84-8a19-df3bba123326,df96935c-2980-4ef8-bbb5-0978bcb2aaf0
georgiatech_covid_13_10,takes/georgiatech_covid_13_10/frame_aligned_videos/aria01_214-1.mp4,0.510040,145.922610,TEST_OOD_SITE,Covid-19 Rapid Antigen Test,Health,georgiatech,455,6a3376a7-949e-4385-b16e-076dfb8c3f5a,f44071a5-0fe0-4afe-9b00-a051818b25c8
georgiatech_covid_13_2,takes/georgiatech_covid_13_2/frame_aligned_videos/aria01_214-1.mp4,0.499980,306.433340,TEST_OOD_SITE,Covid-19 Rapid Antigen Test,Health,georgiatech,455,7d6fa5c7-a206-4b36-889b-44bed72b0cc8,f44071a5-0fe0-4afe-9b00-a051818b25c8
georgiatech_covid_13_6,takes/georgiatech_covid_13_6/frame_aligned_videos/aria01_214-1.mp4,1.144790,190.351910,TEST_OOD_SITE,Covid-19 Rapid Antigen Test,Health,georgiatech,455,87531064-1b80-40c5-896c-344cb3200d5a,f44071a5-0fe0-4afe-9b00-a051818b25c8
georgiatech_covid_13_8,takes/georgiatech_covid_13_8/frame_aligned_videos/aria01_214-1.mp4,0.913800,201.251740,TEST_OOD_SITE,Covid-19 Rapid Antigen Test,Health,georgiatech,455,cf11c037-3a43-43a8-b9ca-b3c457d31535,f44071a5-0fe0-4afe-9b00-a051818b25c8
georgiatech_covid_15_2,takes/georgiatech_covid_15_2/frame_aligned_videos/aria02_214-1.mp4,1.248430,454.053970,TEST_OOD_SITE,Covid-19 Rapid Antigen Test,Health,georgiatech,457,4764e94b-9132-4e65-996c-bc2bc67e17a2,60b429a7-80cf-46c2-905e-195716e7ddb7
georgiatech_covid_15_4,takes/georgiatech_covid_15_4/frame_aligned_videos/aria02_214-1.mp4,2.694670,154.086000,TEST_OOD_SITE,Covid-19 Rapid Antigen Test,Health,georgiatech,457,c24336fd-f974-42c6-82c8-e20e5054ab8f,60b429a7-80cf-46c2-905e-195716e7ddb7
georgiatech_covid_15_6,takes/georgiatech_covid_15_6/frame_aligned_videos/aria02_214-1.mp4,0.384930,138.900000,TEST_OOD_SITE,Covid-19 Rapid Antigen Test,Health,georgiatech,457,23c5bf8a-7781-42d4-b6d8-2ab6025157c7,60b429a7-80cf-46c2-905e-195716e7ddb7
georgiatech_covid_16_12,takes/georgiatech_covid_16_12/frame_aligned_videos/aria01_214-1.mp4,0.315960,291.933340,TEST_OOD_SITE,Covid-19 Rapid Antigen Test,Health,georgiatech,496,0266d30c-c751-451b-9425-a1c1b19cbac8,bdf123fd-8b3d-4ec7-a558-049d443149af
georgiatech_covid_16_2,takes/georgiatech_covid_16_2/frame_aligned_videos/aria01_214-1.mp4,1.463710,442.145620,TEST_OOD_SITE,Covid-19 Rapid Antigen Test,Health,georgiatech,496,a4f92794-0f4b-4edf-9a31-9d6fc871212d,bdf123fd-8b3d-4ec7-a558-049d443149af
georgiatech_covid_16_6,takes/georgiatech_covid_16_6/frame_aligned_videos/aria01_214-1.mp4,0.299990,310.333340,TEST_OOD_SITE,Covid-19 Rapid Antigen Test,Health,georgiatech,496,713cffc9-4d72-416c-a038-e1fe258b0468,bdf123fd-8b3d-4ec7-a558-049d443149af
georgiatech_covid_16_8,takes/georgiatech_covid_16_8/frame_aligned_videos/aria01_214-1.mp4,1.407770,319.814140,TEST_OOD_SITE,Covid-19 Rapid Antigen Test,Health,georgiatech,496,6febbc33-722b-4f0f-81aa-170a9dafbc36,bdf123fd-8b3d-4ec7-a558-049d443149af
georgiatech_covid_17_12,takes/georgiatech_covid_17_12/frame_aligned_videos/aria03_214-1.mp4,0.655670,26.013790,TEST_OOD_SITE,Covid-19 Rapid Antigen Test,Health,georgiatech,502,ec6885cb-287c-421e-b16d-e63a59c21d80,3363b8fa-7245-4e50-a1af-a8ec64ce3295
georgiatech_covid_17_2,takes/georgiatech_covid_17_2/frame_aligned_videos/aria03_214-1.mp4,0.573870,373.266670,TEST_OOD_SITE,Covid-19 Rapid Antigen Test,Health,georgiatech,502,abfb0e8e-4351-4086-b7ca-f84785d768d0,3363b8fa-7245-4e50-a1af-a8ec64ce3295
georgiatech_covid_18_10,takes/georgiatech_covid_18_10/frame_aligned_videos/aria02_214-1.mp4,1.778390,295.800000,TEST_OOD_SITE,Covid-19 Rapid Antigen Test,Health,georgiatech,719,cfd6b713-2511-41d4-84b8-0eced6beb5db,4b0b296b-6631-4080-ae5b-502e699b9664
georgiatech_covid_18_12,takes/georgiatech_covid_18_12/frame_aligned_videos/aria02_214-1.mp4,2.090080,229.468100,TEST_OOD_SITE,Covid-19 Rapid Antigen Test,Health,georgiatech,719,ca9dc2d8-2be0-45a9-bcda-5ea27302f71a,4b0b296b-6631-4080-ae5b-502e699b9664
georgiatech_covid_18_2,takes/georgiatech_covid_18_2/frame_aligned_videos/aria02_214-1.mp4,1.616130,241.200000,TEST_OOD_SITE,Covid-19 Rapid Antigen Test,Health,georgiatech,719,94145154-ef77-4fe2-9dea-c8b73508cfbf,4b0b296b-6631-4080-ae5b-502e699b9664
georgiatech_covid_18_4,takes/georgiatech_covid_18_4/frame_aligned_videos/aria02_214-1.mp4,0.921730,139.005040,TEST_OOD_SITE,Covid-19 Rapid Antigen Test,Health,georgiatech,719,c30672fa-2bc3-4348-b839-5ba456622659,4b0b296b-6631-4080-ae5b-502e699b9664
georgiatech_covid_18_8,takes/georgiatech_covid_18_8/frame_aligned_videos/aria02_214-1.mp4,0.362670,139.091590,TEST_OOD_SITE,Covid-19 Rapid Antigen Test,Health,georgiatech,719,bb97189c-c3c2-445b-998a-e65162cb6c93,4b0b296b-6631-4080-ae5b-502e699b9664
iiith_cooking_01_1,takes/iiith_cooking_01_1/frame_aligned_videos/aria01_214-1.mp4,0.277520,878.166670,TRAIN,Cooking an Omelet,Cooking,iiith,49,98f58f0f-53d6-4e41-bf41-d8d74ccbc37c,7298bc7a-0cb6-42f2-b86b-afec7f4434f8
iiith_cooking_02_3,takes/iiith_cooking_02_3/frame_aligned_videos/aria01_214-1.mp4,4.318870,353.194900,TRAIN,Making Milk Tea,Cooking,iiith,49,1ec1409c-a3fd-46ab-8698-99f9317e9f13,4a730e58-3e61-4ef0-824f-17cf56664e83
iiith_cooking_03_3,takes/iiith_cooking_03_3/frame_aligned_videos/aria01_214-1.mp4,4.254500,299.400000,TRAIN,Making Milk Tea,Cooking,iiith,50,76a7ea80-0a81-4b4f-983e-a7e36fa26685,53475128-3fce-4c5d-9dd8-574e8883dc68
iiith_cooking_04_1,takes/iiith_cooking_04_1/frame_aligned_videos/aria01_214-1.mp4,0.732570,403.369970,VAL,Cooking an Omelet,Cooking,iiith,50,7c0a813b-dce3-4ba0-92cc-a8e0a6f87581,71149da8-0dd1-4c59-8e63-e4d92f1d0b2b
iiith_cooking_05_1,takes/iiith_cooking_05_1/frame_aligned_videos/aria01_214-1.mp4,0.333320,236.066670,TRAIN,Making Milk Tea,Cooking,iiith,50,6a90f588-8a69-4d1c-b071-85527fc98042,16eb8386-5362-45b6-986f-d449841eb476
iiith_cooking_06_1,takes/iiith_cooking_06_1/frame_aligned_videos/aria01_214-1.mp4,31.591630,290.685120,TEST_IID,Making Cucumber & Tomato Salad,Cooking,iiith,51,e6f04a5d-0da7-42c9-8b27-4e240319047e,c7f460cf-2fb2-4269-a56a-752c09077f1f
iiith_cooking_07_1,takes/iiith_cooking_07_1/frame_aligned_videos/aria01_214-1.mp4,0.347810,165.500010,TRAIN,Making Cucumber & Tomato Salad,Cooking,iiith,52,699dde3f-cd23-4674-939e-42438faeb0da,8bff14f6-b902-462b-8d44-133fb71231f9
iiith_cooking_100_4,takes/iiith_cooking_100_4/frame_aligned_videos/aria01_214-1.mp4,0.564270,74.628110,TRAIN,Making Cucumber & Tomato Salad,Cooking,iiith,538,fdda9671-6378-432c-a1d9-ee986c88751a,ef17212d-6d75-4288-b590-6ae06c7fad11
iiith_cooking_108_4,takes/iiith_cooking_108_4/frame_aligned_videos/aria01_214-1.mp4,0.324670,58.121680,TRAIN,Making Cucumber & Tomato Salad,Cooking,iiith,830,bde0f2f1-a83e-4c29-b182-502ce6d94e21,7b64ac63-ad63-4d51-85ad-97cacd48f9b4
iiith_cooking_109_4,takes/iiith_cooking_109_4/frame_aligned_videos/aria01_214-1.mp4,0.020000,36.960700,VAL,Making Cucumber & Tomato Salad,Cooking,iiith,830,16b05645-80cd-45e6-ad95-c9a9cc035d6d,a7de32d0-9481-4658-b82b-9d372e20fb53
iiith_cooking_110_2,takes/iiith_cooking_110_2/frame_aligned_videos/aria01_214-1.mp4,6.331500,119.401730,TRAIN,Cooking an Omelet,Cooking,iiith,831,5b4cc5cb-22f0-4814-aa24-8d51ba50000a,a7c440d4-906a-4161-bf04-e819b7a5d80a
iiith_cooking_111_4,takes/iiith_cooking_111_4/frame_aligned_videos/aria01_214-1.mp4,0.206480,51.785720,TRAIN,Making Cucumber & Tomato Salad,Cooking,iiith,831,83167883-277a-4720-accb-4aeb0253e60e,3c3e0247-e9fb-40c8-adb3-876e54ee860e
iiith_cooking_112_4,takes/iiith_cooking_112_4/frame_aligned_videos/aria01_214-1.mp4,0.959560,77.182630,TRAIN,Making Milk Tea,Cooking,iiith,831,af02982c-8ae9-424c-9f35-6f18763a49e1,f2fccc75-dda5-4b4e-be99-c8e4dde2ab6c
iiith_cooking_115_2,takes/iiith_cooking_115_2/frame_aligned_videos/aria01_214-1.mp4,0.366650,289.133340,TRAIN,Cooking an Omelet,Cooking,iiith,833,027d6141-8cf8-4cd6-b250-6f1ac4f6afcf,0e7d91d2-5f93-42d2-9082-dbc2fd1d7768
iiith_cooking_116_4,takes/iiith_cooking_116_4/frame_aligned_videos/aria01_214-1.mp4,0.233320,103.633340,TRAIN,Making Cucumber & Tomato Salad,Cooking,iiith,833,77e3b40d-7693-49f1-b480-d33fd798f870,05161864-d9f0-437b-a4b2-aa34948c99d6
iiith_cooking_120_2,takes/iiith_cooking_120_2/frame_aligned_videos/aria01_214-1.mp4,0.459110,209.126110,TRAIN,Cooking an Omelet,Cooking,iiith,854,896805f2-f741-40ae-87a0-16e520c12ada,b396d4ae-0be3-4e3d-92e6-136dc4b308d5
iiith_cooking_128_4,takes/iiith_cooking_128_4/frame_aligned_videos/aria01_214-1.mp4,0.917330,196.523280,TRAIN,Cooking Tomato & Eggs,Cooking,iiith,830,c112d4da-5120-47d7-9b05-a4ef68baa226,1d95a051-3583-41ba-a4b2-f42df409e41a
iiith_cooking_132_4,takes/iiith_cooking_132_4/frame_aligned_videos/aria01_214-1.mp4,0.299990,314.400000,TRAIN,Cooking Tomato & Eggs,Cooking,iiith,532,18e2cf60-65f4-4715-91e0-3917deb5daa8,e0232e49-d373-47ec-9ba0-90821ecd76bd
iiith_cooking_134_2,takes/iiith_cooking_134_2/frame_aligned_videos/aria01_214-1.mp4,22.131240,460.307710,TRAIN,Cooking Tomato & Eggs,Cooking,iiith,49,d8967e18-31e6-49ec-b00b-00250320ee18,aee84e26-bbf6-4771-b0dc-298a0765b8f6
iiith_cooking_13_1,takes/iiith_cooking_13_1/frame_aligned_videos/aria01_214-1.mp4,55.350090,451.750380,TRAIN,Cooking an Omelet,Cooking,iiith,53,126eb2a4-4d4f-4d35-b390-7d9550b54c60,284a69cc-4ccd-44d9-b0bb-5b05cc349108
iiith_cooking_141_2,takes/iiith_cooking_141_2/frame_aligned_videos/aria01_214-1.mp4,0.491550,355.366670,TRAIN,Cooking Tomato & Eggs,Cooking,iiith,50,5d98d741-a4b9-42ac-8ffe-0960260a9f57,eec414e3-3d05-45ec-98df-8baa44f94321
iiith_cooking_142_4,takes/iiith_cooking_142_4/frame_aligned_videos/aria01_214-1.mp4,0.020000,253.830470,TRAIN,Cooking Tomato & Eggs,Cooking,iiith,50,beb7196e-c020-4224-b5c4-e431ad9f143e,02343af3-0d0b-4b2d-8065-2a2da3635d28
iiith_cooking_35_1,takes/iiith_cooking_35_1/frame_aligned_videos/aria01_214-1.mp4,28.414270,185.792780,TEST_IID,Making Milk Tea,Cooking,iiith,57,f3287a55-a424-4011-a38e-c73700829576,0eef5c83-f93e-4fc6-af1b-826e33f41166
iiith_cooking_40_1,takes/iiith_cooking_40_1/frame_aligned_videos/aria01_214-1.mp4,1.855720,211.166670,VAL,Cooking an Omelet,Cooking,iiith,58,ed064e3d-b2e1-4103-b955-3d720460d89b,5bb65869-b223-45d2-b303-e98eeb57f957
iiith_cooking_41_3,takes/iiith_cooking_41_3/frame_aligned_videos/aria01_214-1.mp4,0.595260,103.054550,TRAIN,Making Cucumber & Tomato Salad,Cooking,iiith,58,a914f836-eb7d-4ebc-a537-e8d7dbb39429,a8101998-8811-404d-b6b5-8bfa61414d7c
iiith_cooking_43_1,takes/iiith_cooking_43_1/frame_aligned_videos/aria01_214-1.mp4,24.073860,196.079180,TEST_IID,Making Milk Tea,Cooking,iiith,58,1c9a978e-3921-44e5-8eab-f9e5401822cf,f9fbb34a-3cb5-4774-9fb7-e8b72b332169
iiith_cooking_50_2,takes/iiith_cooking_50_2/frame_aligned_videos/aria01_214-1.mp4,0.680110,144.634950,TEST_IID,Making Milk Tea,Cooking,iiith,59,0099226c-9bec-44aa-ba43-2b90eb7b8379,bc66738f-ba8c-4657-abd5-6cdd0c3c2f70
iiith_cooking_50_4,takes/iiith_cooking_50_4/frame_aligned_videos/aria01_214-1.mp4,1.952680,129.500000,TRAIN,Making Cucumber & Tomato Salad,Cooking,iiith,59,ab1786c9-b44c-40e2-8d59-5f7ddf06dceb,bc66738f-ba8c-4657-abd5-6cdd0c3c2f70
iiith_cooking_52_4,takes/iiith_cooking_52_4/frame_aligned_videos/aria01_214-1.mp4,0.000000,92.566667,TRAIN,Making Cucumber & Tomato Salad,Cooking,iiith,60,fa491404-c879-4d0f-a683-e7d2693ca124,28150ea3-587f-4c16-833c-d1c323505d85
iiith_cooking_55_2,takes/iiith_cooking_55_2/frame_aligned_videos/aria01_214-1.mp4,0.000000,423.566667,TRAIN,Cooking an Omelet,Cooking,iiith,61,b50aba6e-2a45-4df2-9d07-8aaa993862ae,8668d200-5bb9-4187-97b0-26c822d6646c
iiith_cooking_56_2,takes/iiith_cooking_56_2/frame_aligned_videos/aria01_214-1.mp4,0.426070,280.555630,TEST_IID,Cooking an Omelet,Cooking,iiith,50,4bc2e040-3193-40ad-ae69-d75f9fa4e5a4,92634049-261f-480a-a220-48a56fbb2d73
iiith_cooking_59_2,takes/iiith_cooking_59_2/frame_aligned_videos/aria01_214-1.mp4,0.566640,278.866670,TRAIN,Cooking an Omelet,Cooking,iiith,61,140253fd-9258-483a-9bf1-5426d91a05dd,169385c8-1794-4bbc-9737-0eb2dd73aa09
iiith_cooking_65_2,takes/iiith_cooking_65_2/frame_aligned_videos/aria01_214-1.mp4,0.532870,105.913340,TRAIN,Making Cucumber & Tomato Salad,Cooking,iiith,190,645a45ce-c993-4f67-b136-fe8c3bad9b6b,97ae5c79-0b07-4b8c-980d-b8198d70f25c
iiith_cooking_92_2,takes/iiith_cooking_92_2/frame_aligned_videos/aria01_214-1.mp4,0.422190,100.992060,TRAIN,Making Cucumber & Tomato Salad,Cooking,iiith,531,8e5c9c98-c1fa-4248-b473-06484a4416bc,b3debddf-cd3d-45a3-9e49-635eccbed614
iiith_soccer_008_2,takes/iiith_soccer_008_2/frame_aligned_videos/aria01_214-1.mp4,0.202550,243.600010,TRAIN,Soccer Drills - Dribbling,Soccer,iiith,534,3bc38ebc-8109-4b4d-b43c-aad3bd0dfed2,c92d49fb-5b84-4d75-a1d6-f8f8b2e8be0b
indiana_bike_04_7,takes/indiana_bike_04_7/frame_aligned_videos/aria02_214-1.mp4,0.450000,216.865900,TRAIN,Remove a Wheel,Bike Repair,indiana,615,7b138731-a8f3-4938-be1b-22599df07d39,826e9a7c-d729-41db-a481-e2e039101aa8
indiana_bike_08_10,takes/indiana_bike_08_10/frame_aligned_videos/aria03_214-1.mp4,1.986800,172.656160,VAL,Clean and Lubricate the Chain,Bike Repair,indiana,604,eab41965-492f-4f76-b857-ffe858e3c10e,92ad05f5-e341-46f1-af3d-abb998e21890
indiana_bike_08_3,takes/indiana_bike_08_3/frame_aligned_videos/aria03_214-1.mp4,0.333320,358.933340,TRAIN,Fix a Flat Tire - Replace a Bike Tube,Bike Repair,indiana,604,ad8ef724-84cd-403a-934d-9690f7cb96b8,92ad05f5-e341-46f1-af3d-abb998e21890
indiana_bike_08_7,takes/indiana_bike_08_7/frame_aligned_videos/aria03_214-1.mp4,0.302410,104.200010,VAL,Remove a Wheel,Bike Repair,indiana,604,46314fe6-1b71-4ae8-bdec-2ce1fb430227,92ad05f5-e341-46f1-af3d-abb998e21890
indiana_bike_10_4,takes/indiana_bike_10_4/frame_aligned_videos/aria02_214-1.mp4,8.126330,124.599740,TRAIN,Clean and Lubricate the Chain,Bike Repair,indiana,876,5c3e7989-9b64-42dd-af7c-274ce12619bd,f466b8f5-90c4-4d14-9439-604f26669cf3
indiana_bike_10_8,takes/indiana_bike_10_8/frame_aligned_videos/aria02_214-1.mp4,0.666410,83.988470,TRAIN,Install a Wheel,Bike Repair,indiana,876,7785da94-b19b-491c-94dc-89106e095f79,f466b8f5-90c4-4d14-9439-604f26669cf3
indiana_bike_12_5,takes/indiana_bike_12_5/frame_aligned_videos/aria02_214-1.mp4,2.566870,371.754320,TRAIN,Fix a Flat Tire - Replace a Bike Tube,Bike Repair,indiana,878,43dca3b5-21d9-4ebf-856e-515a5c417699,11c30f68-3373-408c-9433-4b928782bb35
indiana_bike_13_2,takes/indiana_bike_13_2/frame_aligned_videos/aria03_214-1.mp4,5.737980,152.028090,TRAIN,Remove a Wheel,Bike Repair,indiana,879,3e78b90d-9f7d-406d-ac75-7437b1075cf0,fe0a0776-a652-413f-aee3-bba914a25797
indiana_bike_13_4,takes/indiana_bike_13_4/frame_aligned_videos/aria03_214-1.mp4,0.266660,202.666670,VAL,Install a Wheel,Bike Repair,indiana,879,b054a313-c2e5-495f-add2-d3c265a030e8,fe0a0776-a652-413f-aee3-bba914a25797
indiana_bike_13_9,takes/indiana_bike_13_9/frame_aligned_videos/aria03_214-1.mp4,3.742130,144.839450,TRAIN,Install a Wheel,Bike Repair,indiana,879,21e09276-debf-49dc-8e6b-da8660308766,fe0a0776-a652-413f-aee3-bba914a25797
indiana_cooking_01_2,takes/indiana_cooking_01_2/frame_aligned_videos/aria01_214-1.mp4,32.845300,1083.799070,TEST_OOD_TASK,Cooking Noodles,Cooking,indiana,434,644022d7-8e50-4bb2-bab8-f7ffbfdc7d17,1cd9c193-56fb-4da5-a293-2fe2bc469c28
indiana_cooking_01_3,takes/indiana_cooking_01_3/frame_aligned_videos/aria01_214-1.mp4,0.806830,449.933340,TRAIN,Making Milk Tea,Cooking,indiana,434,46988f5c-86df-4bb3-bf4c-aca0e044bce0,1cd9c193-56fb-4da5-a293-2fe2bc469c28
indiana_cooking_03_3,takes/indiana_cooking_03_3/frame_aligned_videos/aria02_214-1.mp4,66.068490,512.200000,TRAIN,Making Sesame-Ginger Asian Salad,Cooking,indiana,585,6023b80a-a1af-405b-ae86-6613452a1512,1d03c6ee-90c3-4deb-ae82-08f9e0297ebf
indiana_cooking_04_3,takes/indiana_cooking_04_3/frame_aligned_videos/aria02_214-1.mp4,0.288830,622.833340,TRAIN,Cooking Brownies,Cooking,indiana,585,4d6e4368-543b-4b69-a261-e8c01401ee8c,0530a6ec-b177-4a8e-84bc-0086ed4e4cb0
indiana_cooking_06_3,takes/indiana_cooking_06_3/frame_aligned_videos/aria01_214-1.mp4,0.327210,2037.070670,TEST_OOD_TASK,Cooking Noodles,Cooking,indiana,601,cf71a855-22b8-49b8-b8a9-5b669921bf6e,075243c6-f0fc-4623-9858-7a1a7db03c74
indiana_cooking_07_2,takes/indiana_cooking_07_2/frame_aligned_videos/aria02_214-1.mp4,0.649960,1118.293330,TRAIN,Making Sesame-Ginger Asian Salad,Cooking,indiana,601,632755de-f080-4057-8626-6c402a6129c9,8ee76446-149e-4698-98b3-a20d36935109
indiana_cooking_09_2,takes/indiana_cooking_09_2/frame_aligned_videos/aria02_214-1.mp4,0.933300,1253.863150,TEST_OOD_TASK,Cooking Noodles,Cooking,indiana,602,af464855-f44f-41ce-9f31-5d579cf00fbd,3717c024-d691-48b5-9d60-80e786d6ba16
indiana_cooking_10_5,takes/indiana_cooking_10_5/frame_aligned_videos/aria03_214-1.mp4,91.865380,954.555800,TEST_OOD_TASK,Cooking Noodles,Cooking,indiana,603,d6817560-492c-4de8-93e9-56df0c3b4ddc,4a098035-0451-4c92-9fef-c303b80b5108
indiana_cooking_11_5,takes/indiana_cooking_11_5/frame_aligned_videos/aria02_214-1.mp4,50.742030,1110.895510,TEST_OOD_TASK,Cooking Noodles,Cooking,indiana,604,2cba50be-6d39-4f53-b9cc-cb520a588443,4dcb738a-4c1b-44eb-bd7d-4ef4378e72a5
indiana_cooking_12_4,takes/indiana_cooking_12_4/frame_aligned_videos/aria03_214-1.mp4,0.187030,1353.317800,TRAIN,Cooking Tomato & Eggs,Cooking,indiana,605,b6cb97cf-d85c-4e1e-916c-869c39f7d52b,bda5c3d7-37e4-4e2f-b5b7-d45343bcfae3
indiana_cooking_13_2,takes/indiana_cooking_13_2/frame_aligned_videos/aria02_214-1.mp4,3.439680,932.944560,TEST_OOD_TASK,Cooking Noodles,Cooking,indiana,605,719fe670-72a7-4da9-be7d-0bd2afb742ae,399c62ad-b457-4391-8fb8-fb022caa5734
indiana_cooking_14_3,takes/indiana_cooking_14_3/frame_aligned_videos/aria04_214-1.mp4,0.233330,567.337410,VAL,Making Chai Tea,Cooking,indiana,606,b01f5a56-713e-4ed3-907e-14a0f3e6c101,3c33bd41-2842-4475-8a9c-44f595716995
indiana_cooking_14_6,takes/indiana_cooking_14_6/frame_aligned_videos/aria04_214-1.mp4,0.299990,873.466680,TEST_OOD_TASK,Cooking Noodles,Cooking,indiana,606,c726ae4b-d68f-4b59-9c41-47a4615eef51,3c33bd41-2842-4475-8a9c-44f595716995
indiana_cooking_16_3,takes/indiana_cooking_16_3/frame_aligned_videos/aria02_214-1.mp4,106.267650,1009.908840,TEST_OOD_TASK,Cooking Noodles,Cooking,indiana,607,2041eb29-6086-4e5e-9881-0f14d9e6a8d8,14a20097-0f1f-48d6-a723-d1cd5606b188
indiana_cooking_17_4,takes/indiana_cooking_17_4/frame_aligned_videos/aria03_214-1.mp4,1.113140,808.314360,TRAIN,Cooking Tomato & Eggs,Cooking,indiana,608,c083db28-d790-4602-915d-d7e5df588ef6,684cfb06-1357-4a10-ba7a-60d68295c3f1
indiana_cooking_17_5,takes/indiana_cooking_17_5/frame_aligned_videos/aria03_214-1.mp4,0.426670,776.777230,TEST_OOD_TASK,Cooking Noodles,Cooking,indiana,608,b9e252ee-51c4-480d-8dc0-6a0a6022fa0f,684cfb06-1357-4a10-ba7a-60d68295c3f1
indiana_cooking_18_2,takes/indiana_cooking_18_2/frame_aligned_videos/aria02_214-1.mp4,0.204270,603.133340,TRAIN,Making Chai Tea,Cooking,indiana,609,4fd05061-02cd-4bf6-9191-02ff8303ca40,4ad838cb-ef59-4fe7-b3d8-adfb7dd80ef6
indiana_cooking_18_3,takes/indiana_cooking_18_3/frame_aligned_videos/aria02_214-1.mp4,122.022100,1205.894700,TRAIN,Making Sesame-Ginger Asian Salad,Cooking,indiana,609,32805896-b265-4445-8992-ab30e98415f8,4ad838cb-ef59-4fe7-b3d8-adfb7dd80ef6
